Feature ID,Taxon
831b1cddfd991f172bfffdcbbc33f1ba,d__Bacteria;p__Verrucomicrobiota;c__Verrucomicrobiae;o__Verrucomicrobiales;f__Akkermansiaceae;g__Akkermansia;s__
d129fa6aafc890ddb9549c5afa1d34d7,d__Bacteria;p__Firmicutes;c__Negativicutes;o__Acidaminococcales;f__Acidaminococcaceae;g__Phascolarctobacterium;s__
09d580eac7675130afbe5a7d5d86dfc8,d__Bacteria;p__Bacteroidota;c__Bacteroidia;o__Bacteroidales
0f47ec26c677aa9e2b927bb8714d701e,d__Bacteria;p__Firmicutes;c__Negativicutes;o__Acidaminococcales;f__Acidaminococcaceae;g__Phascolarctobacterium;s__
ab7184957d4e5758d5d8341f1295f2cf,d__Bacteria;p__Firmicutes;c__Clostridia;o__Oscillospirales;f__Ruminococcaceae;g__Ruminococcus;s__
ba3715c31f3e91ee08b52bf6091b088a,d__Bacteria;p__Firmicutes;c__Clostridia;o__Lachnospirales;f__Lachnospiraceae;g__Tyzzerella;s__
954db20b2eead6a0e6936d72f81326f8,d__Bacteria;p__Bacteroidota;c__Bacteroidia;o__Bacteroidales
2477f60ea27cb685e328e91cab767e09,d__Bacteria;p__Desulfobacterota;c__Desulfovibrionia;o__Desulfovibrionales;f__Desulfovibrionaceae
abc890345277a19db6a61ef8c8017da6,d__Bacteria;p__Verrucomicrobiota;c__Verrucomicrobiae;o__Verrucomicrobiales;f__Akkermansiaceae;g__Akkermansia;s__
42ce11714e297646432e31ce965c6086,d__Bacteria;p__Firmicutes;c__Clostridia;o__Oscillospirales;f__Oscillospiraceae;g__NK4A214_group;s__
6d8b884bd5f62acafae3e951be3a8df6,d__Bacteria;p__Proteobacteria;c__Gammaproteobacteria;o__Enterobacterales;f__Enterobacteriaceae;g__Escherichia-Shigella;s__
a9451507da3454f025b013c1f31507aa,d__Bacteria;p__Firmicutes;c__Negativicutes;o__Veillonellales-Selenomonadales;f__Selenomonadaceae;g__Selenomonas;s__
15cebcfa0bc2cc5a13ab6934d42bc8c4,d__Bacteria;p__Bacteroidota;c__Bacteroidia;o__Bacteroidales
05e0909d677b7d088c6ca00bad92de65,d__Bacteria;p__Bacteroidota;c__Bacteroidia;o__Bacteroidales;f__Tannerellaceae;g__Parabacteroides;s__
c583f8b70a1f87ff0bc01baffbb24574,d__Bacteria;p__Synergistota;c__Synergistia;o__Synergistales;f__Synergistaceae;g__Cloacibacillus;s__
7185c2ee82a8602f1c69615e4f25643f,d__Bacteria;p__Firmicutes;c__Clostridia;o__Oscillospirales;f__Ruminococcaceae;g__Ruminococcus;s__
ede9f10b7855a665d9a92183391f3032,d__Bacteria;p__Synergistota;c__Synergistia;o__Synergistales;f__Synergistaceae;g__Cloacibacillus;s__
9c374a5d7724b48f6bcf470cdd5354ce,d__Bacteria;p__Firmicutes;c__Clostridia;o__Oscillospirales;f__Oscillospiraceae;g__Intestinimonas;s__
4fb35b5c3d6a7157ec7548db38cb84d7,d__Bacteria;p__Proteobacteria;c__Gammaproteobacteria;o__Burkholderiales
1795bc4c5cd46db5d62b7d58ac0146f5,d__Bacteria;p__Firmicutes;c__Clostridia;o__Oscillospirales;f__UCG-010;g__UCG-010;s__
b1475ed6c7afcfb044cd74bcfbb9c62d,d__Bacteria;p__Firmicutes;c__Clostridia;o__Oscillospirales;f__Oscillospiraceae
c09665a8bc5ac95d709698f00cfdf72c,d__Bacteria;p__Bacteroidota;c__Bacteroidia;o__Bacteroidales;f__Prevotellaceae
06c43298f58fe8c96303a344b3120939,d__Bacteria;p__Actinobacteriota;c__Coriobacteriia;o__Coriobacteriales
88b00881072cfa3577c1ea81c1e99724,d__Bacteria;p__Firmicutes;c__Clostridia;o__Lachnospirales;f__Lachnospiraceae;g__Tyzzerella;s__
56fca2f097ba1f1a16b725d6446d7d0d,d__Bacteria;p__Firmicutes;c__Clostridia;o__Oscillospirales;f__UCG-010;g__UCG-010;s__
920b4d02441b2be2a91cdf93c5133d4a,d__Bacteria;p__Firmicutes;c__Clostridia;o__Oscillospirales;f__Oscillospiraceae;g__NK4A214_group;s__
ad98e7c8fb84f6feda85bcba8d6efec7,d__Bacteria;p__Desulfobacterota;c__Desulfovibrionia;o__Desulfovibrionales;f__Desulfovibrionaceae
b1b8a8eecbb7786f90fd0977b2b6a04b,d__Bacteria;p__Firmicutes;c__Negativicutes;o__Acidaminococcales;f__Acidaminococcaceae;g__Phascolarctobacterium;s__
2ae6550a5709626ae2302a4ce5facdde,d__Bacteria;p__Proteobacteria;c__Gammaproteobacteria;o__Burkholderiales
ad13ae6973bb6d6bba76277c7756ccd3,d__Bacteria;p__Bacteroidota;c__Bacteroidia;o__Bacteroidales;f__Bacteroidaceae;g__Bacteroides;s__
c6cd88f9466c5e90857d424e4f8c9f96,d__Bacteria;p__Firmicutes;c__Clostridia;o__Lachnospirales;f__Lachnospiraceae;g__Tyzzerella;s__
e086abe3767d4b3dcae81fbd839a1f6e,d__Bacteria;p__Bacteroidota;c__Bacteroidia;o__Bacteroidales;f__Rikenellaceae;g__Alistipes;s__
5a883a28bdc9581f6c98f9860f84dfd5,d__Bacteria;p__Planctomycetota;c__vadinHA49;o__vadinHA49;f__vadinHA49;g__vadinHA49;s__
c7480b3379ce5b2cf596e73d105bd3ba,d__Bacteria;p__Planctomycetota;c__vadinHA49;o__vadinHA49;f__vadinHA49;g__vadinHA49;s__
05e24c47bb7ba6c59aaed904807f7236,d__Bacteria;p__Firmicutes;c__Clostridia;o__Lachnospirales;f__Lachnospiraceae
ef91bc73e84cae91aaaeac995c7c26a0,d__Bacteria;p__Synergistota;c__Synergistia;o__Synergistales;f__Synergistaceae;g__Cloacibacillus;s__
6aeb773d13e2627dda7296ad4f212978,d__Bacteria;p__Firmicutes;c__Clostridia;o__Oscillospirales;f__Ruminococcaceae
2ddb6bd41cd88645ad6170744776a7ff,d__Bacteria;p__Fusobacteriota;c__Fusobacteriia;o__Fusobacteriales;f__Fusobacteriaceae;g__Fusobacterium;s__
6ddb9fa44b93d3c46d426695c2dd8396,d__Bacteria;p__Bacteroidota;c__Bacteroidia;o__Bacteroidales
a498477d41ffa2ea89bf02bbffd458b5,d__Bacteria;p__Planctomycetota;c__vadinHA49;o__vadinHA49;f__vadinHA49;g__vadinHA49;s__
5bc73f034842bc9720cd31c843b7ef52,d__Bacteria;p__Proteobacteria;c__Gammaproteobacteria;o__Burkholderiales
1af2c838cfd7834e9b1bdcd6f7d4d94c,d__Bacteria;p__Firmicutes;c__Clostridia;o__Lachnospirales;f__Lachnospiraceae
40579e2a8364b9efab762b03d3b156c8,d__Bacteria;p__Firmicutes;c__Clostridia;o__Oscillospirales;f__Ruminococcaceae;g__Ruminococcus;s__
43fb12e2fbd1414063720573f2a9dc10,d__Bacteria;p__Synergistota;c__Synergistia;o__Synergistales;f__Synergistaceae;g__Cloacibacillus;s__
508cd3ff32a61b2bbc3bfaad67dce11e,d__Bacteria;p__Firmicutes;c__Clostridia;o__Oscillospirales;f__UCG-010;g__UCG-010;s__
4f11eeab20c824dc0d1772ae0615ff5d,d__Bacteria;p__Bacteroidota;c__Bacteroidia;o__Bacteroidales;f__Rikenellaceae;g__Alistipes;s__
e25209272884d2df851b8859003e9021,d__Bacteria;p__Actinobacteriota;c__Coriobacteriia;o__Coriobacteriales
21ab8a8df3935ae400a9530341424421,d__Bacteria;p__Proteobacteria;c__Gammaproteobacteria;o__Burkholderiales;f__Oxalobacteraceae;g__Oxalobacter;s__
00f23a97c6902f3e6eefb4278c87cd6f,d__Bacteria;p__Proteobacteria;c__Gammaproteobacteria;o__Burkholderiales
fe7d8878ec32bea73c3c323d5198f220,d__Bacteria;p__Firmicutes;c__Clostridia;o__Lachnospirales;f__Lachnospiraceae
a6ed743a466de4029e53045435577d55,d__Bacteria;p__Proteobacteria;c__Gammaproteobacteria;o__Burkholderiales;f__Oxalobacteraceae;g__Oxalobacter;s__
c11a7a4d7656fd2ce8a01091de7be18a,d__Bacteria;p__Planctomycetota;c__vadinHA49;o__vadinHA49;f__vadinHA49;g__vadinHA49;s__
335558685e6191f5bea1547af6d79c8d,d__Bacteria;p__Firmicutes;c__Clostridia;o__Lachnospirales;f__Lachnospiraceae
37659d7e27df8df47040e6b5605a6c75,d__Bacteria;p__Fusobacteriota;c__Fusobacteriia;o__Fusobacteriales;f__Fusobacteriaceae;g__Fusobacterium;s__
15891bac16545ac1abab86d52a5b276a,d__Bacteria;p__Planctomycetota;c__vadinHA49;o__vadinHA49;f__vadinHA49;g__vadinHA49;s__
e3a20e37a40628d223071cdd872d7ab2,d__Bacteria;p__Desulfobacterota;c__Desulfovibrionia;o__Desulfovibrionales;f__Desulfovibrionaceae;g__Desulfovibrio;s__
850224ce3a2ca9937881940b48b66cd4,d__Bacteria;p__Firmicutes;c__Clostridia;o__Oscillospirales;f__Oscillospiraceae;g__NK4A214_group;s__
a845bd09d0223bac192f33e16fa6e20c,d__Bacteria;p__Firmicutes;c__Clostridia;o__Lachnospirales;f__Lachnospiraceae;g__Tyzzerella;s__
184ba2e2e4f9057a9c9c98f9bc0bfae3,d__Bacteria;p__Firmicutes;c__Clostridia;o__Lachnospirales;f__Lachnospiraceae
c18546ca17aa51547cacb1a8ae94ce4e,d__Bacteria;p__Firmicutes;c__Clostridia;o__Lachnospirales;f__Lachnospiraceae
efdc3eeab994657dd99920df8907cf35,d__Bacteria;p__Firmicutes;c__Clostridia;o__Oscillospirales;f__Oscillospiraceae
c038962847efe45c0dce0cb8a3d8ea7a,d__Bacteria;p__Planctomycetota;c__vadinHA49;o__vadinHA49;f__vadinHA49;g__vadinHA49;s__
e269eade185453c2e1c3b70aa7337953,d__Bacteria;p__Firmicutes;c__Clostridia;o__Lachnospirales;f__Lachnospiraceae
4be276d0faab5dc7c2d65dcc8dce0605,d__Bacteria;p__Planctomycetota;c__vadinHA49;o__vadinHA49;f__vadinHA49;g__vadinHA49;s__
678c0cc3b52d47788743b32006d277a6,d__Bacteria;p__Bacteroidota;c__Bacteroidia;o__Bacteroidales;f__Tannerellaceae;g__Tannerella;s__
7c8e5103e3b56c9360e52ea2f71e3155,d__Bacteria;p__Verrucomicrobiota;c__Verrucomicrobiae;o__Verrucomicrobiales;f__Akkermansiaceae;g__Akkermansia;s__
3ab03afcfff2ca88cde033875dba0fb1,d__Bacteria;p__Proteobacteria;c__Gammaproteobacteria;o__Enterobacterales;f__Enterobacteriaceae;g__Escherichia-Shigella;s__
12ddafafe57203bb1b88af73dcca671f,d__Bacteria;p__Proteobacteria;c__Gammaproteobacteria;o__Burkholderiales
77dacf0730ac4e5051790b11e994f360,d__Bacteria;p__Firmicutes;c__Clostridia;o__Oscillospirales;f__Ruminococcaceae;g__Incertae_Sedis;s__
571c9e7692021abdc7c318e53b65123c,d__Bacteria;p__Proteobacteria;c__Gammaproteobacteria;o__Burkholderiales;f__Oxalobacteraceae;g__Oxalobacter;s__
984c02e13b640fd21af711f6cad07135,d__Bacteria;p__Proteobacteria;c__Gammaproteobacteria;o__Burkholderiales
a2819c7b73ffa876e17a50768d833210,d__Bacteria;p__Bacteroidota;c__Bacteroidia;o__Bacteroidales;f__Prevotellaceae
b50da12e44f228980a500fcb2b418df2,d__Bacteria;p__Verrucomicrobiota;c__Verrucomicrobiae;o__Verrucomicrobiales;f__Akkermansiaceae;g__Akkermansia;s__
1b2c42b869094137e6b2427812bbfdb4,d__Bacteria;p__Planctomycetota;c__vadinHA49;o__vadinHA49;f__vadinHA49;g__vadinHA49;s__
703cba5d7c7b9c19996baedf155f58b4,d__Bacteria;p__Bacteroidota;c__Bacteroidia;o__Bacteroidales;f__Tannerellaceae;g__Tannerella;s__
58d75742cfa1189071a43831b09ee09f,d__Bacteria;p__Planctomycetota;c__vadinHA49;o__vadinHA49;f__vadinHA49;g__vadinHA49;s__
2f028a8a8ea945b5370860f8ab25110f,d__Bacteria;p__Proteobacteria;c__Gammaproteobacteria;o__Burkholderiales
abe40e2c7333a09b4b91b4e382c35095,d__Bacteria;p__Firmicutes;c__Clostridia;o__Lachnospirales;f__Lachnospiraceae
52b24c08d9c39a27ecebfa00b99d778e,d__Bacteria;p__Verrucomicrobiota;c__Verrucomicrobiae;o__Verrucomicrobiales;f__Akkermansiaceae;g__Akkermansia;s__
8c6af48684cc41c758ba92b55ccc0383,d__Bacteria;p__Firmicutes;c__Clostridia;o__Lachnospirales;f__Lachnospiraceae
2b41eeeff486d0ce4b965cb1c2786898,d__Bacteria;p__Proteobacteria;c__Gammaproteobacteria;o__Burkholderiales;f__Oxalobacteraceae;g__Oxalobacter;s__
e9fb8eb3f0c80bf0294c2c489f85cba7,d__Bacteria;p__Firmicutes;c__Negativicutes;o__Acidaminococcales;f__Acidaminococcaceae;g__Phascolarctobacterium;s__
d8c0d960a6a05fe9934ac235983e0a56,d__Bacteria;p__Firmicutes;c__Negativicutes;o__Acidaminococcales;f__Acidaminococcaceae;g__Phascolarctobacterium;s__
0a4aeb8c2c5cbae4dbbea152add317d4,d__Bacteria;p__Bacteroidota;c__Bacteroidia;o__Bacteroidales;f__Rikenellaceae;g__Alistipes;s__
246f433435334e3ba0b5e3291be392dc,d__Bacteria;p__Bacteroidota;c__Bacteroidia;o__Bacteroidales;f__Bacteroidaceae;g__Bacteroides;s__
82623bec64279346c0c5e73fd801cc3d,d__Bacteria;p__Firmicutes;c__Bacilli;o__Erysipelotrichales;f__Erysipelatoclostridiaceae;g__Erysipelatoclostridium;s__
7324eb8b17a583eb0aff27209b346dff,d__Bacteria;p__Firmicutes;c__Clostridia;o__Lachnospirales;f__Lachnospiraceae;g__Tyzzerella;s__
6881681f64ac970c7423221faa4a8b8c,d__Bacteria;p__Firmicutes;c__Clostridia;o__Lachnospirales;f__Lachnospiraceae
8a2b7e0a5d4320744cd69d3a0ad04339,d__Bacteria;p__Planctomycetota;c__vadinHA49;o__vadinHA49;f__vadinHA49;g__vadinHA49;s__
63c76086812df6f1e575746455de842a,d__Bacteria;p__Synergistota;c__Synergistia;o__Synergistales;f__Synergistaceae;g__uncultured;s__
fe0e2c92e8b05a0ede4fc5a6479cbe73,d__Bacteria;p__Planctomycetota;c__vadinHA49;o__vadinHA49;f__vadinHA49;g__vadinHA49;s__
d5f7e6412bbb578db0a320680421df48,d__Bacteria;p__Firmicutes;c__Clostridia;o__Lachnospirales;f__Lachnospiraceae
0670cf62a6199b462378f4d70740a12b,d__Bacteria;p__Rs-K70_termite_group;c__Rs-K70_termite_group;o__Rs-K70_termite_group;f__Rs-K70_termite_group;g__Rs-K70_termite_group;s__
6355405d3b420958adb0a7c6535935af,d__Bacteria;p__Firmicutes;c__Clostridia;o__Oscillospirales;f__UCG-010;g__UCG-010;s__
b4470d8815061a836332538710b12755,d__Bacteria;p__Firmicutes;c__Clostridia;o__Oscillospirales;f__Oscillospiraceae
6585d057be8191f481314cf6e52da9a7,d__Bacteria;p__Desulfobacterota;c__Desulfovibrionia;o__Desulfovibrionales;f__Desulfovibrionaceae;g__Desulfovibrio;s__
15c97ba1ecd8d5a542e73d0c1cec0425,d__Bacteria;p__Firmicutes;c__Bacilli;o__Lactobacillales;f__Streptococcaceae;g__Streptococcus;s__
6385be0384427e9732cfc1e36bdc2bb9,d__Bacteria;p__Firmicutes;c__Clostridia;o__Oscillospirales;f__Ruminococcaceae;g__Incertae_Sedis;s__
3cc689fa4d0194cf2807089924b18f57,d__Bacteria;p__Firmicutes;c__Clostridia;o__Lachnospirales;f__Lachnospiraceae
d8e465ac1956152602a0fa607c8d46c5,d__Bacteria;p__Firmicutes;c__Clostridia;o__Lachnospirales;f__Lachnospiraceae
7cf812066b3c301f6e4e3b6b700cfb02,d__Bacteria;p__Bacteroidota;c__Bacteroidia;o__Bacteroidales
fbe82707454a918051ea296249b4954c,d__Bacteria;p__Bacteroidota;c__Bacteroidia;o__Bacteroidales;f__Bacteroidaceae;g__Bacteroides;s__
9a2a7504643ca5a6ae739c335252dca8,d__Bacteria;p__Desulfobacterota;c__Desulfovibrionia;o__Desulfovibrionales;f__Desulfovibrionaceae;g__Desulfovibrio;s__
53a186d9d9377087e2d97423303e3784,d__Bacteria;p__Firmicutes;c__Clostridia;o__Lachnospirales;f__Lachnospiraceae
78d6bc8b9c69fc89cb3c79fef94ee3f1,d__Bacteria;p__Firmicutes;c__Clostridia;o__Oscillospirales;f__Ruminococcaceae;g__Ruminococcus;s__
b3deccc3a0e90b6cd634045858992758,d__Bacteria;p__Desulfobacterota;c__Desulfovibrionia;o__Desulfovibrionales;f__Desulfovibrionaceae;g__Bilophila;s__
3bbfff9a6c6d558e0e6ddfbfd5ad774e,d__Bacteria;p__Synergistota;c__Synergistia;o__Synergistales;f__Synergistaceae;g__Cloacibacillus;s__
ab4d37d074fa832d87c303ae39fdb0bf,d__Bacteria;p__Planctomycetota;c__vadinHA49;o__vadinHA49;f__vadinHA49;g__vadinHA49;s__
4f222796c95c4bfe57b5243439b8950f,d__Bacteria;p__Firmicutes;c__Clostridia;o__Oscillospirales;f__Oscillospiraceae
22f2e90e77157344a9e9141e1b234e26,d__Bacteria;p__Firmicutes;c__Negativicutes;o__Acidaminococcales;f__Acidaminococcaceae;g__uncultured;s__
801ce5bc10ea64764ff54d5abd890b17,d__Bacteria;p__Verrucomicrobiota;c__Verrucomicrobiae;o__Verrucomicrobiales;f__Akkermansiaceae;g__Akkermansia;s__
e9d39ed555135450026ef065b79b3c4d,d__Bacteria;p__Firmicutes;c__Clostridia;o__Lachnospirales;f__Lachnospiraceae
f5ba4402d51a611ebde0b80671f88a1d,d__Bacteria;p__Firmicutes;c__Clostridia;o__Lachnospirales;f__Lachnospiraceae
2aad984bf7158d78aa4db44ba9f02bec,d__Bacteria;p__Firmicutes;c__Clostridia;o__Oscillospirales;f__Oscillospiraceae
35db59960e83181c8bb86c2b62931847,d__Bacteria;p__Desulfobacterota;c__Desulfovibrionia;o__Desulfovibrionales;f__Desulfovibrionaceae;g__Desulfovibrio;s__
4868f5073d6d6b0de0c0b58d308129f4,d__Bacteria;p__Planctomycetota;c__vadinHA49;o__vadinHA49;f__vadinHA49;g__vadinHA49;s__
8a027e7d840d4a76d561eff119e8e156,d__Bacteria;p__Firmicutes;c__Clostridia;o__Lachnospirales;f__Lachnospiraceae
c8d01f8c0172432a498c10836b4d74af,d__Bacteria;p__Firmicutes;c__Clostridia;o__Lachnospirales;f__Lachnospiraceae
ba6a41157e4e02044d85ae09fa50633a,d__Bacteria;p__Desulfobacterota;c__Desulfovibrionia;o__Desulfovibrionales;f__Desulfovibrionaceae
73857488cd2f1eadc7e40c627b5069bc,d__Bacteria;p__Firmicutes;c__Clostridia;o__Lachnospirales;f__Lachnospiraceae
c3a138abba013cf0a465cf5cb3253fb8,d__Bacteria;p__Planctomycetota;c__vadinHA49;o__vadinHA49;f__vadinHA49;g__vadinHA49;s__
074b77be5ba235cb2e237f486d47c827,d__Bacteria;p__Firmicutes;c__Negativicutes;o__Acidaminococcales;f__Acidaminococcaceae;g__uncultured;s__
7ed22647d60e120ef177196518a49e72,d__Bacteria;p__Firmicutes;c__Clostridia;o__Lachnospirales;f__Lachnospiraceae
d08888271cee207db92e35ecec186aa2,d__Bacteria;p__Bacteroidota;c__Bacteroidia;o__Bacteroidales
2b8b92e707a280d4a7a20b4b92f27f82,d__Bacteria;p__Firmicutes;c__Negativicutes;o__Acidaminococcales;f__Acidaminococcaceae;g__Phascolarctobacterium;s__
7f5dcea1b44a554d944844532c70f42d,d__Bacteria;p__Bacteroidota;c__Bacteroidia;o__Bacteroidales;f__Rikenellaceae;g__Alistipes;s__
be09a5281605a5122b433533ff3553fa,d__Bacteria;p__Firmicutes;c__Bacilli;o__Lactobacillales;f__Streptococcaceae;g__Streptococcus;s__
e5bf532565a5b8d40fc5bea0fd387fb1,d__Bacteria;p__Desulfobacterota;c__Desulfovibrionia;o__Desulfovibrionales;f__Desulfovibrionaceae
085dcd189f73bd02575b0f17f1416fbb,d__Bacteria;p__Firmicutes;c__Clostridia;o__Lachnospirales;f__Lachnospiraceae
d5ec354c1d69f2b7fac8e0455ffee3b1,Unassigned
9e058737d35d97aa90abf3f7bfc28322,d__Bacteria;p__Desulfobacterota;c__Desulfovibrionia;o__Desulfovibrionales;f__Desulfovibrionaceae
86190667a4b1e4eee7b01cdd0c07e479,d__Bacteria;p__Desulfobacterota;c__Desulfovibrionia;o__Desulfovibrionales;f__Desulfovibrionaceae
f024f01ee057d4984f4065c01ec4f12e,d__Bacteria;p__Desulfobacterota;c__Desulfovibrionia;o__Desulfovibrionales;f__Desulfovibrionaceae;g__uncultured;s__
bf9a0d2a594d31d1d4ed1d891e5e2383,d__Bacteria;p__Firmicutes;c__Bacilli;o__Erysipelotrichales;f__Erysipelatoclostridiaceae;g__Erysipelatoclostridium;s__
8c3e42272118525d016395892db866af,d__Bacteria;p__Synergistota;c__Synergistia;o__Synergistales;f__Synergistaceae;g__Cloacibacillus;s__
db310638b981ea76b91b22266edf7a45,d__Bacteria;p__Proteobacteria;c__Gammaproteobacteria;o__Enterobacterales;f__Pasteurellaceae;g__Lonepinella;s__
6c9c1a12a9548e870d1c1271bb792758,d__Bacteria;p__Planctomycetota;c__vadinHA49;o__vadinHA49;f__vadinHA49;g__vadinHA49;s__
0f054209985ce0e3863a6dc6b4c96b22,d__Bacteria;p__Desulfobacterota;c__Desulfovibrionia;o__Desulfovibrionales;f__Desulfovibrionaceae
f4dbbe2999c5cb259c9d3f309fe23f05,d__Bacteria;p__Cyanobacteria;c__Cyanobacteriia;o__Chloroplast;f__Chloroplast;g__Chloroplast;s__
430fe6bd7e8e2a53e27e973874de576f,d__Bacteria;p__Firmicutes;c__Negativicutes;o__Acidaminococcales;f__Acidaminococcaceae;g__uncultured;s__
e4bac462f8b1b0949b6ef63c5830af95,d__Bacteria;p__Desulfobacterota;c__Desulfovibrionia;o__Desulfovibrionales;f__Desulfovibrionaceae;g__Desulfovibrio;s__
3b8ba8739939bf403cc591719df6cf64,d__Bacteria;p__Bacteroidota;c__Bacteroidia;o__Bacteroidales;f__Bacteroidaceae;g__Bacteroides;s__
b28a037c3e1517c1bc3980eb3ea24fc5,d__Bacteria;p__Firmicutes;c__Clostridia;o__Oscillospirales;f__Ruminococcaceae;g__Ruminococcus;s__
acc908836a6a944ae85fbf60f16d58d9,d__Bacteria;p__Desulfobacterota;c__Desulfovibrionia;o__Desulfovibrionales;f__Desulfovibrionaceae;g__Desulfovibrio;s__
912eaf09caedc61f5e2ec03c4aad297d,d__Bacteria;p__Desulfobacterota;c__Desulfovibrionia;o__Desulfovibrionales;f__Desulfovibrionaceae
7eb0836a7b102c76914b702fc94059cf,d__Bacteria;p__Bacteroidota;c__Bacteroidia;o__Bacteroidales
954e71fd6ad29462747c2563910a15ec,d__Bacteria;p__Synergistota;c__Synergistia;o__Synergistales;f__Synergistaceae;g__Cloacibacillus;s__
b813d07a89c4454435a6c8f6973dbcea,d__Bacteria;p__Bacteroidota;c__Bacteroidia;o__Bacteroidales;f__Tannerellaceae;g__Tannerella;s__
fdc2dfa2428d2ab7d94dded4bf408061,d__Bacteria;p__Proteobacteria;c__Alphaproteobacteria;o__Rhizobiales;f__Xanthobacteraceae;g__uncultured;s__
34ca3c74ff90c2c5e73ad2adb5dd7d30,Unassigned
d50ddb572e79a2d8a0cba93dcc2190ca,d__Bacteria
e2d3369c2ae3319dcdbe02724fdec3bc,d__Bacteria;p__Bacteroidota;c__Bacteroidia;o__Bacteroidales;f__Tannerellaceae;g__Tannerella;s__
bd734e0197ba421aceaf5bd3f260fd52,d__Bacteria;p__Planctomycetota;c__vadinHA49;o__vadinHA49;f__vadinHA49;g__vadinHA49;s__
966a25a9847af888a6fd09b28e5162cb,d__Bacteria;p__Bacteroidota;c__Bacteroidia;o__Bacteroidales;f__Rikenellaceae;g__Alistipes;s__
c4f80cc2bf5223033d1e6a03123691c0,d__Bacteria;p__Firmicutes;c__Clostridia;o__Oscillospirales;f__Ruminococcaceae;g__Candidatus_Soleaferrea;s__
167a8bed499bcc966dd351ec7b2bd047,d__Bacteria;p__Firmicutes;c__Negativicutes;o__Acidaminococcales;f__Acidaminococcaceae;g__Phascolarctobacterium;s__
32d04baa6b01f7c3e3c13b562484dbca,d__Bacteria;p__Firmicutes;c__Negativicutes;o__Acidaminococcales;f__Acidaminococcaceae;g__uncultured;s__
6de1d82b29dc6151a0710bb0e6f7f166,d__Bacteria;p__Bacteroidota;c__Bacteroidia;o__Bacteroidales;f__Rikenellaceae;g__Alistipes;s__
2c4fca0746ed110181bb3a42baf97ab7,d__Bacteria;p__Firmicutes;c__Clostridia;o__Lachnospirales;f__Lachnospiraceae;g__Tyzzerella;s__
478ea012a035f76e62cd7e22fd550a1d,d__Bacteria;p__Firmicutes;c__Clostridia;o__Lachnospirales;f__Lachnospiraceae
ca31d3e99847c7ef033a3bb9f9bc2872,d__Bacteria;p__Firmicutes;c__Clostridia;o__Oscillospirales;f__Ruminococcaceae;g__Incertae_Sedis;s__
33722178800417d10cd9ee7d66fe0b8f,Unassigned
0423711b9146899442a0d114ed9926ba,Unassigned
ea80c66f709e8fb892e25df6ab354fdf,d__Bacteria;p__Proteobacteria;c__Gammaproteobacteria;o__Enterobacterales;f__Enterobacteriaceae;g__Escherichia-Shigella;s__
142396775f12cef3a8e053cec3ea55da,d__Bacteria;p__Planctomycetota;c__vadinHA49;o__vadinHA49;f__vadinHA49;g__vadinHA49;s__
f09a7c9963f3c0ce38928da3c195d8b7,d__Bacteria;p__Firmicutes;c__Clostridia;o__Lachnospirales;f__Lachnospiraceae
840eaf0f4601c5843f6e8d64ff0b0ab0,d__Bacteria;p__Firmicutes;c__Clostridia;o__Lachnospirales;f__Lachnospiraceae
680d95f0f94b1061cffdf336bcc55034,d__Bacteria;p__Firmicutes;c__Bacilli;o__Lactobacillales
9c2a4125e09464aec7d713407e27c316,d__Bacteria;p__Firmicutes;c__Bacilli;o__Lactobacillales
28b7a98787aebe8d4592b5eed256143a,Unassigned
74c14b4feb983db6ffaa3163666d1ca8,d__Bacteria;p__Bacteroidota;c__Bacteroidia;o__Bacteroidales
ed6737956f2237b98530bfb0e5f6f984,d__Bacteria;p__Firmicutes;c__Clostridia;o__Lachnospirales;f__Lachnospiraceae
8370bba7b53c544b1ab0535948c73c59,d__Bacteria;p__Bacteroidota;c__Bacteroidia;o__Bacteroidales;f__Bacteroidaceae;g__Bacteroides;s__
37cab68c0c443a49c95b8b0f0f7e8acf,d__Bacteria;p__Firmicutes;c__Clostridia;o__Oscillospirales;f__Ruminococcaceae;g__Candidatus_Soleaferrea;s__
a2fceaaba559240ceb3ceeec02f2a5cb,d__Bacteria;p__Bacteroidota;c__Bacteroidia;o__Bacteroidales
5ac1f51ad795894916ace9be5c3e3167,d__Bacteria;p__Firmicutes;c__Clostridia;o__Oscillospirales;f__Oscillospiraceae;g__NK4A214_group;s__
50c3abf87bcf412bc74d9be684114f87,d__Bacteria;p__Bacteroidota;c__Bacteroidia;o__Bacteroidales;f__Rikenellaceae;g__Alistipes;s__
0fa668dda59986a7d2f255f4fdb03906,d__Bacteria
b14abe1686a33fc78f51a7ad2d7d5dfe,d__Bacteria;p__Bacteroidota;c__Bacteroidia;o__Bacteroidales
fb1459f0c7748680f49d721bb07204b2,d__Bacteria;p__Proteobacteria;c__Alphaproteobacteria;o__Rhizobiales;f__Beijerinckiaceae;g__1174-901-12;s__
5cea564f5101a46db24807e7e5564b4a,d__Bacteria;p__Planctomycetota;c__vadinHA49;o__vadinHA49;f__vadinHA49;g__vadinHA49;s__
e98a0f747c4f3347d08e88cad33a8cae,d__Bacteria;p__Firmicutes;c__Clostridia;o__Oscillospirales;f__Oscillospiraceae;g__NK4A214_group;s__
3c49d5b5f6ba70ba998e8d9c776f83dd,d__Bacteria;p__Bacteroidota;c__Bacteroidia;o__Bacteroidales;f__Rikenellaceae;g__Alistipes;s__
8eefc3c7a264e359b8191065dde878c6,d__Bacteria
9b831528e991f057a9ab50f80db2ac84,d__Bacteria;p__Bacteroidota;c__Bacteroidia;o__Bacteroidales
5e994367a115362a8fb51fff836a9ecd,d__Bacteria;p__Bacteroidota;c__Bacteroidia;o__Bacteroidales;f__Bacteroidaceae;g__Bacteroides;s__
7e2d95e42257e285d3185367a566d47c,d__Bacteria;p__Proteobacteria;c__Gammaproteobacteria;o__Enterobacterales;f__Enterobacteriaceae
149aea2496ee13f364d196c4bb06750c,d__Bacteria;p__Bacteroidota;c__Bacteroidia;o__Bacteroidales;f__Prevotellaceae
7dedcca82e3e54fa9953327aa0993078,d__Bacteria;p__Rs-K70_termite_group;c__Rs-K70_termite_group;o__Rs-K70_termite_group;f__Rs-K70_termite_group;g__Rs-K70_termite_group;s__
95ef80e49c7e336606da8c024b7d3f76,d__Bacteria;p__Firmicutes;c__Negativicutes;o__Acidaminococcales;f__Acidaminococcaceae;g__uncultured;s__
047b4997e87cc7a7c07deba23f5bbbd5,d__Bacteria;p__Desulfobacterota;c__Desulfovibrionia;o__Desulfovibrionales;f__Desulfovibrionaceae;g__Desulfovibrio;s__
657d03fb156eb88c5d283b467eb54184,d__Bacteria;p__Bacteroidota;c__Bacteroidia;o__Bacteroidales;f__Rikenellaceae;g__Alistipes;s__
3baeb3ff76e8721f80edfa56c7a8cb9b,d__Bacteria;p__Bacteroidota;c__Bacteroidia;o__Bacteroidales
86ed9543d1101a9479a4eda1cc78a4c9,d__Bacteria;p__Firmicutes;c__Clostridia;o__Peptostreptococcales-Tissierellales;f__Anaerovoracaceae;g__Anaerovorax;s__
2f42a1830f854444279d90bcc81b32f0,d__Bacteria;p__Desulfobacterota;c__Desulfarculia;o__Desulfarculales;f__Desulfarculales;g__Desulfarculales;s__
119ac8a676faf9a8bf272f18eeced56f,d__Bacteria;p__Bacteroidota;c__Bacteroidia;o__Bacteroidales
a12f55fd944b22d40250e66e5ba2f7ca,d__Bacteria;p__Firmicutes;c__Clostridia;o__Oscillospirales;f__Oscillospiraceae;g__NK4A214_group;s__
01ef663c64e7fc5da8127fc5f43ae0d0,d__Bacteria;p__Proteobacteria;c__Alphaproteobacteria;o__Rhizobiales;f__Xanthobacteraceae;g__uncultured;s__
a408c12319f7ce47e80f90f3572fbd6f,d__Bacteria;p__Firmicutes;c__Clostridia;o__Lachnospirales;f__Lachnospiraceae
91597f92df7f840f0b008688e1bb5fc9,Unassigned
8ac202ee746a149543866959eb8ea702,d__Bacteria;p__Verrucomicrobiota;c__Verrucomicrobiae;o__Verrucomicrobiales;f__Akkermansiaceae;g__Akkermansia;s__
71812ae70fba8f087fb081c5e3cc0b91,d__Bacteria;p__Firmicutes;c__Clostridia;o__Lachnospirales;f__Lachnospiraceae
4b772bde31be66ce9c3a9357a272f8fa,d__Bacteria;p__Bacteroidota;c__Bacteroidia;o__Bacteroidales
eb23244f3c43ea6b201a1c4b8df356a5,Unassigned
ad71dd40a744d77b1dc564668182e9d5,d__Bacteria;p__Firmicutes;c__Bacilli;o__Erysipelotrichales;f__Erysipelatoclostridiaceae;g__Erysipelatoclostridium;s__
7aaf88bd8bde6cb1145fe4c1819d24e5,d__Bacteria;p__Firmicutes;c__Negativicutes;o__Veillonellales-Selenomonadales;f__Selenomonadaceae;g__Selenomonas;s__
2625535ff7ccc9126a3a5a10fe37912d,Unassigned
ad3253c95d9ce3f9f3907c5343d28067,d__Bacteria;p__Firmicutes;c__Clostridia;o__Lachnospirales;f__Lachnospiraceae
828f3138169c774697c057f1da840d93,d__Bacteria;p__Firmicutes;c__Clostridia;o__Lachnospirales;f__Lachnospiraceae
6358e305e24e24ec3368f79e228ce78c,Unassigned
b7193b1e90e4bd3fe0a73b888ed0fbea,d__Bacteria;p__Firmicutes;c__Negativicutes;o__Veillonellales-Selenomonadales;f__Selenomonadaceae
4a363a0b5c219f0d886057c8931c5736,d__Bacteria;p__Firmicutes;c__Clostridia;o__Lachnospirales;f__Lachnospiraceae
9ed033b182c275c8c387cd44b51f1d60,d__Bacteria;p__Firmicutes;c__Clostridia;o__Lachnospirales;f__Lachnospiraceae
484ccd8448a633565a45e5084b90bcde,d__Bacteria;p__Firmicutes;c__Negativicutes;o__Acidaminococcales;f__Acidaminococcaceae;g__uncultured;s__
505b1d96e04f51f8769c942f1e04d971,d__Bacteria;p__Cyanobacteria;c__Cyanobacteriia;o__Chloroplast;f__Chloroplast;g__Chloroplast;s__
407ec21f599d7876e94e07566cf9891b,d__Bacteria;p__Firmicutes;c__Clostridia;o__Lachnospirales;f__Lachnospiraceae;g__Tyzzerella;s__
1533edb638f683898c1611b2aeac2425,d__Bacteria;p__Desulfobacterota;c__Desulfovibrionia;o__Desulfovibrionales;f__Desulfovibrionaceae
dbe68041c5da875651652e8d92893d82,d__Bacteria;p__Proteobacteria;c__Gammaproteobacteria;o__Enterobacterales;f__Pasteurellaceae;g__Lonepinella;s__
4181e9969535cd337d54e158c8c0d2ac,d__Bacteria;p__Bacteroidota;c__Bacteroidia;o__Bacteroidales
b68e7da0237999dd40d69b22c18e47ee,d__Bacteria;p__Firmicutes;c__Clostridia;o__Oscillospirales;f__Oscillospiraceae
b6b3e80b823d73e6f4a750709309a10d,d__Bacteria;p__Planctomycetota;c__vadinHA49;o__vadinHA49;f__vadinHA49;g__vadinHA49;s__
5cadd9cae6caf23ac17a19c8d2fd05eb,d__Bacteria;p__Proteobacteria;c__Gammaproteobacteria;o__Enterobacterales;f__Enterobacteriaceae;g__Pluralibacter;s__
940fb500f338dd60c685ca144fc1b1c3,d__Bacteria;p__Bacteroidota;c__Bacteroidia;o__Bacteroidales;f__Tannerellaceae;g__Parabacteroides;s__
477eba766f65882c0845c99d143336c6,d__Bacteria;p__Synergistota;c__Synergistia;o__Synergistales;f__Synergistaceae;g__Cloacibacillus;s__
866212d4616bb30548da03371d873293,d__Bacteria;p__Firmicutes;c__Clostridia;o__Oscillospirales;f__Oscillospiraceae
6993722a92b3170fb061b8fd96f16b4b,d__Bacteria;p__Bacteroidota;c__Bacteroidia;o__Bacteroidales;f__Bacteroidaceae;g__Bacteroides;s__
afc12634855393449b1d1827348c52bc,d__Bacteria;p__Planctomycetota;c__vadinHA49;o__vadinHA49;f__vadinHA49;g__vadinHA49;s__
fe14bf95ad2a445800f9e6f23f80ce79,d__Bacteria;p__Firmicutes;c__Clostridia;o__Oscillospirales;f__Oscillospiraceae
fa8b61e2d778072b21bff022136614b4,d__Bacteria;p__Proteobacteria;c__Gammaproteobacteria;o__Enterobacterales;f__Enterobacteriaceae;g__Pluralibacter;s__
711830b699979b6f55b01aba2ad1ae7f,d__Bacteria;p__Bacteroidota;c__Bacteroidia;o__Bacteroidales;f__Tannerellaceae;g__Parabacteroides;s__
45a525dfa43136b21b7f72b63228d7ef,d__Bacteria;p__Bacteroidota;c__Bacteroidia;o__Bacteroidales
ead0a2e2b470d31618f50b37765cce96,d__Bacteria;p__Firmicutes;c__Clostridia;o__Oscillospirales;f__Ruminococcaceae;g__Incertae_Sedis;s__
fb4dd06b641279de06190140d357de04,d__Bacteria;p__Firmicutes;c__Clostridia;o__Oscillospirales;f__[Clostridium]_methylpentosum_group;g__[Clostridium]_methylpentosum_group;s__
44269aa60bdee76d56bfd1e3b9d85ec5,d__Bacteria;p__Firmicutes;c__Clostridia;o__Oscillospirales;f__Oscillospiraceae;g__Colidextribacter;s__
500565d8815cc7f595340fa6aa969c81,d__Bacteria;p__Firmicutes;c__Clostridia;o__Lachnospirales;f__Lachnospiraceae
4acaf6a95c2a4989bf4aae7653be6023,d__Bacteria;p__Proteobacteria;c__Gammaproteobacteria;o__Enterobacterales;f__Enterobacteriaceae;g__Pluralibacter;s__
ec7b6c3d81b7da61eaf5940c5012b37b,d__Bacteria;p__Firmicutes;c__Clostridia;o__Lachnospirales;f__Lachnospiraceae
7815512bfa0b042f0dd487e6927eb2ff,d__Bacteria;p__Planctomycetota;c__vadinHA49;o__vadinHA49;f__vadinHA49;g__vadinHA49;s__
eda4c2e182bad795ccaa4765bc192352,d__Bacteria;p__Firmicutes;c__Clostridia;o__Oscillospirales;f__Ruminococcaceae
4092f25d8946f3bf8cb5e07a8fb67496,d__Bacteria;p__Proteobacteria;c__Gammaproteobacteria;o__Burkholderiales;f__Oxalobacteraceae;g__Oxalobacter;s__
451b73124530278f323213f208845362,d__Bacteria;p__Firmicutes;c__Negativicutes;o__Veillonellales-Selenomonadales;f__Selenomonadaceae;g__Selenomonas;s__
78a743c45561e5854dab3479f7fb4d5e,d__Bacteria;p__Actinobacteriota;c__Coriobacteriia;o__Coriobacteriales;f__Eggerthellaceae;g__Enterorhabdus;s__
e2479bb597ef98e834a56d2d2d55c2d7,d__Bacteria;p__Proteobacteria;c__Gammaproteobacteria;o__Enterobacterales;f__Enterobacteriaceae
4ace020b2ca217f436c2ec02b4622c72,d__Bacteria;p__Verrucomicrobiota;c__Verrucomicrobiae;o__Verrucomicrobiales;f__Akkermansiaceae;g__Akkermansia;s__
6223fe6d014c4c0361fe1010baca0205,d__Bacteria;p__Firmicutes;c__Clostridia;o__Lachnospirales;f__Lachnospiraceae
fc8e7ea52ec5acfde43a0fecc5c39d2e,d__Bacteria;p__Synergistota;c__Synergistia;o__Synergistales;f__Synergistaceae;g__Cloacibacillus;s__
f531492b9509d7aacdef538c5d49e8d4,d__Bacteria;p__Bacteroidota;c__Bacteroidia;o__Bacteroidales;f__Tannerellaceae;g__Parabacteroides;s__
5948cbcdc3596474266ea9eb61eb8e32,d__Bacteria;p__Actinobacteriota;c__Coriobacteriia;o__Coriobacteriales
bd305a5df8b7ff98c845536f3b3f731e,d__Bacteria;p__Desulfobacterota;c__Desulfovibrionia;o__Desulfovibrionales;f__Desulfovibrionaceae;g__Desulfovibrio;s__
45fba7ab98c039566060c3a9b7a1be60,d__Bacteria;p__Firmicutes;c__Clostridia;o__Lachnospirales;f__Lachnospiraceae
2e2ef742bcab0ce03f4adab0e205d207,d__Bacteria;p__Fusobacteriota;c__Fusobacteriia;o__Fusobacteriales;f__Fusobacteriaceae;g__Fusobacterium;s__
66b4450e159c925d49506d804bb4e5b9,d__Bacteria;p__Firmicutes;c__Clostridia;o__Lachnospirales;f__Lachnospiraceae;g__Tyzzerella;s__
1efe60678c525bf2a6384b5ee416d78e,d__Bacteria;p__Bacteroidota;c__Bacteroidia;o__Bacteroidales
b27d0c2f2fc8908fcd95b6f555380f9c,d__Bacteria;p__Firmicutes;c__Clostridia;o__Oscillospirales;f__Ruminococcaceae;g__Incertae_Sedis;s__
711400de770d397ec017c0f8a76edbac,d__Bacteria;p__Synergistota;c__Synergistia;o__Synergistales;f__Synergistaceae;g__Cloacibacillus;s__
ab16158e51e62098b90fbdf5fa3c9fb3,d__Bacteria;p__Planctomycetota;c__vadinHA49;o__vadinHA49;f__vadinHA49;g__vadinHA49;s__
92588bc33549e9fa37ed53ae27d8b02c,d__Bacteria;p__Bacteroidota;c__Bacteroidia;o__Bacteroidales;f__Bacteroidaceae;g__Bacteroides;s__
838b655082a66bc41ab71355fe02b19d,d__Bacteria;p__Firmicutes;c__Clostridia;o__Lachnospirales;f__Lachnospiraceae
2e0d6f1a999303215367e233ed2c9226,d__Bacteria;p__Bacteroidota;c__Bacteroidia;o__Bacteroidales;f__Rikenellaceae;g__Alistipes;s__
4d6d7016a0c94c3029a8f67752d534a3,d__Bacteria;p__Bacteroidota;c__Bacteroidia;o__Bacteroidales;f__Tannerellaceae;g__Parabacteroides;s__
a66148652261eca655d2739f130ede1a,d__Bacteria;p__Bacteroidota;c__Bacteroidia;o__Bacteroidales
0511456248d45d3a9684f12be70ccd5d,d__Bacteria;p__Firmicutes;c__Bacilli;o__Lactobacillales
58befd215e91a205f17161a4f186c1c9,d__Bacteria;p__Desulfobacterota;c__Desulfovibrionia;o__Desulfovibrionales;f__Desulfovibrionaceae;g__Bilophila;s__
2a0b622eb36931100c3ffdb0b5730e28,d__Bacteria;p__Firmicutes;c__Negativicutes;o__Acidaminococcales;f__Acidaminococcaceae;g__Phascolarctobacterium;s__
5654ddf27cfeee4bc9408a1d0046f330,d__Bacteria;p__Bacteroidota;c__Bacteroidia;o__Bacteroidales;f__Rikenellaceae;g__Alistipes;s__
0eeca5b119a42cf96c4749f0e0500f94,d__Bacteria;p__Bacteroidota;c__Bacteroidia;o__Bacteroidales;f__Rikenellaceae;g__Alistipes;s__
1280b7c529c00251cec40e045dd9ffeb,d__Bacteria;p__Bacteroidota;c__Bacteroidia;o__Bacteroidales;f__Tannerellaceae
3b42b37349aa5c0620c46ac1a21a6ac3,d__Bacteria;p__Firmicutes;c__Clostridia;o__Lachnospirales;f__Lachnospiraceae;g__Tyzzerella;s__
7d160244c94342adeb9f007d4f79c98a,d__Bacteria;p__Firmicutes;c__Clostridia;o__Oscillospirales;f__Ruminococcaceae;g__Candidatus_Soleaferrea;s__
a50db59b7416e10f5f6f25710f2f0dda,d__Bacteria;p__Firmicutes;c__Negativicutes;o__Veillonellales-Selenomonadales;f__Selenomonadaceae;g__Selenomonas;s__
8c1ca124fb7028becc92719c0553bb2c,d__Bacteria;p__Bacteroidota;c__Bacteroidia;o__Bacteroidales;f__Rikenellaceae;g__Alistipes;s__
8526191950b7e5338b5cfd5146c0bd56,d__Bacteria;p__Bacteroidota;c__Bacteroidia;o__Bacteroidales;f__Tannerellaceae;g__Parabacteroides;s__
1a86d3d629e15ec8e6b5fe1e74f7d202,d__Bacteria;p__Bacteroidota;c__Bacteroidia;o__Bacteroidales;f__Bacteroidaceae;g__Bacteroides;s__
be34e904ffb08fe57440dd7dbaab512d,d__Bacteria;p__Firmicutes;c__Negativicutes;o__Veillonellales-Selenomonadales;f__Selenomonadaceae
4f45bdcd357a29d2a708ede76e715ee8,d__Bacteria;p__Bacteroidota;c__Bacteroidia;o__Bacteroidales;f__Bacteroidaceae;g__Bacteroides;s__
c00309755b018ca275725fd734b66287,d__Bacteria
6ee23a71dbc47f81bed4611e80fbc5fe,d__Bacteria;p__Firmicutes;c__Clostridia;o__Lachnospirales;f__Lachnospiraceae
1cabc4cb031989ab21b85e43f30ec7a5,d__Bacteria;p__Firmicutes;c__Negativicutes;o__Acidaminococcales;f__Acidaminococcaceae;g__Phascolarctobacterium;s__
dd0d2690eb79623d14cbbeca262c1e30,Unassigned
ef54752c2dfba9c4caa110c073d88c6c,d__Bacteria;p__Firmicutes;c__Clostridia;o__Lachnospirales;f__Lachnospiraceae
377530a43987660b5c2631129a73fe98,d__Bacteria;p__Synergistota;c__Synergistia;o__Synergistales;f__Synergistaceae;g__Cloacibacillus;s__
e029bf7f920d74fbef943a2e72610ff1,d__Bacteria;p__Proteobacteria;c__Alphaproteobacteria;o__Rhizobiales;f__Beijerinckiaceae;g__1174-901-12;s__
9ee94d25e14b86ff212db3dc7045c3e9,d__Bacteria;p__Firmicutes;c__Clostridia;o__Lachnospirales;f__Lachnospiraceae
c035c3dd9898e00c69452cbbaac0e0ad,d__Bacteria;p__Firmicutes;c__Clostridia;o__Oscillospirales;f__Ruminococcaceae;g__Ruminococcus;s__
69fb61fccc481a0c79bf87052127bf5f,d__Bacteria;p__Actinobacteriota;c__Actinobacteria;o__Corynebacteriales;f__Corynebacteriaceae
3595b69e264dc61714076475b521ec3d,d__Bacteria;p__Firmicutes;c__Clostridia
e78523240879b53bfae404ef469a7f13,d__Bacteria;p__Proteobacteria;c__Gammaproteobacteria;o__Enterobacterales;f__Pasteurellaceae
3999a598b54f329afa11bd0ff52ad59b,d__Bacteria;p__Firmicutes;c__Clostridia;o__Peptostreptococcales-Tissierellales;f__Anaerovoracaceae;g__Anaerovorax;s__
503187219addb810d0de1139511f24c5,d__Bacteria;p__Firmicutes;c__Clostridia;o__Oscillospirales;f__Oscillospiraceae
e301985cd2882c6dfa2a2cd364f2d3bd,d__Bacteria;p__Firmicutes;c__Clostridia;o__Oscillospirales;f__Oscillospiraceae
205afaeca3388285a5b45dcba67277f4,d__Bacteria;p__Bacteroidota;c__Bacteroidia;o__Bacteroidales;f__Rikenellaceae;g__Alistipes;s__
bcb24d8cd2aa5c18c5edc9bb5aa73035,d__Bacteria;p__Desulfobacterota;c__Desulfovibrionia;o__Desulfovibrionales;f__Desulfovibrionaceae;g__Desulfovibrio;s__
a1004f0e6d1155a79d8bd8772aa0ed5d,d__Bacteria;p__Desulfobacterota;c__Desulfovibrionia;o__Desulfovibrionales;f__Desulfovibrionaceae
cffc2190e60d428353f3715a4c9ef774,d__Bacteria
1e4d3838ed15dd4ceb3c9b5cb2f14304,d__Bacteria;p__Planctomycetota;c__vadinHA49;o__vadinHA49;f__vadinHA49;g__vadinHA49;s__
93fbe69cfe05572fe4bf1de4d149ed27,d__Bacteria;p__Planctomycetota;c__vadinHA49;o__vadinHA49;f__vadinHA49;g__vadinHA49;s__
4a870d4c1551d9410083235996c76e6e,d__Bacteria;p__Planctomycetota;c__vadinHA49;o__vadinHA49;f__vadinHA49;g__vadinHA49;s__
839cadac396f64fd5fbde95b5bb03f7f,d__Bacteria;p__Firmicutes;c__Clostridia;o__Lachnospirales;f__Lachnospiraceae
a0de0082a6dc8d669d85c4fbaddbcc84,d__Bacteria;p__Firmicutes;c__Clostridia;o__Lachnospirales;f__Lachnospiraceae
d78c62da70899652d6af134d7752a8d4,d__Bacteria
5a5e3da6b7390281a89df638c1e318a0,d__Bacteria;p__Planctomycetota;c__vadinHA49;o__vadinHA49;f__vadinHA49;g__vadinHA49;s__
b623d9b82b919dbf161f06c031647589,d__Bacteria;p__Bacteroidota;c__Bacteroidia;o__Bacteroidales;f__Bacteroidaceae;g__Bacteroides;s__
5adae9804e558ec9cf338387459aff3b,d__Bacteria;p__Firmicutes;c__Clostridia;o__Oscillospirales;f__[Clostridium]_methylpentosum_group;g__[Clostridium]_methylpentosum_group;s__
1ab91dedc9565cc5a8562b1202a19254,d__Bacteria;p__Firmicutes;c__Negativicutes;o__Acidaminococcales;f__Acidaminococcaceae;g__Phascolarctobacterium;s__
c3ecdc6d13715e533e4579da1e8eaabe,d__Bacteria;p__Desulfobacterota;c__Desulfovibrionia;o__Desulfovibrionales;f__Desulfovibrionaceae;g__Desulfovibrio;s__
e495f3cfa6217a04dcc371779367d0e5,d__Bacteria;p__Firmicutes;c__Clostridia;o__Oscillospirales;f__UCG-010;g__UCG-010;s__
54e017fb6164d98d18a0ed916f0114c9,d__Bacteria;p__Firmicutes;c__Negativicutes;o__Veillonellales-Selenomonadales;f__Selenomonadaceae;g__Selenomonas;s__
3c6fa5b5e93dfeb1ff717abd8b098f5b,d__Bacteria;p__Firmicutes;c__Clostridia;o__Lachnospirales;f__Lachnospiraceae
3687b2d04321dc5a5833b097bfe42b59,d__Bacteria;p__Bacteroidota;c__Bacteroidia;o__Bacteroidales
feb761048faedac4d373c4068e38f07b,d__Bacteria;p__Firmicutes;c__Clostridia;o__Oscillospirales;f__Oscillospiraceae;g__Intestinimonas;s__
d6ec25a7b9466bd0ec9b2e4b1d7f4c29,d__Bacteria;p__Firmicutes;c__Clostridia;o__Lachnospirales;f__Lachnospiraceae
a37c4707a151f3d31d1821b7134fa414,d__Bacteria;p__Planctomycetota;c__vadinHA49;o__vadinHA49;f__vadinHA49;g__vadinHA49;s__
e0f466feb675bbe8a7a979f18d345124,d__Bacteria;p__Actinobacteriota;c__Actinobacteria;o__Propionibacteriales;f__Propionibacteriaceae
0f23d3ef7012e5f44de4a99fcd5e8803,d__Bacteria;p__Synergistota;c__Synergistia;o__Synergistales;f__Synergistaceae;g__uncultured;s__
644584135615cebe57bd2030a2de9a66,d__Bacteria;p__Firmicutes;c__Negativicutes;o__Acidaminococcales;f__Acidaminococcaceae;g__uncultured;s__
138a9d29ec41ab97134227402155386d,d__Bacteria;p__Planctomycetota;c__vadinHA49;o__vadinHA49;f__vadinHA49;g__vadinHA49;s__
1ba7f85109d19594340f09e525161138,d__Bacteria;p__Verrucomicrobiota;c__Verrucomicrobiae;o__Verrucomicrobiales;f__Akkermansiaceae;g__Akkermansia;s__
cb41e4d17887b141eecdd5de27e39c0b,d__Bacteria;p__Bacteroidota;c__Bacteroidia;o__Bacteroidales;f__Bacteroidaceae;g__Bacteroides;s__
b4394ab7533d38f65e88d6ae96b92e9c,d__Bacteria;p__Actinobacteriota;c__Actinobacteria;o__Propionibacteriales;f__Propionibacteriaceae
f1172096112c6bb3ddb69d3e03e4871b,d__Bacteria;p__Firmicutes;c__Clostridia;o__Lachnospirales;f__Lachnospiraceae
59b630532e8cb427444ab4c2efd1be10,d__Bacteria;p__Bacteroidota;c__Bacteroidia;o__Bacteroidales
922f1c7f8f76ea3a844a14c08b688105,d__Bacteria;p__Bacteroidota;c__Bacteroidia;o__Bacteroidales
b496d177fa5cec7b12b64e88316bc6c2,d__Bacteria;p__Bacteroidota;c__Bacteroidia;o__Bacteroidales
6ca058435b737897dade9a5dca7625ef,d__Bacteria;p__Firmicutes;c__Bacilli;o__Lactobacillales
7031fa5a95ae558c464af47267f134dc,d__Bacteria;p__Firmicutes;c__Clostridia;o__Lachnospirales;f__Lachnospiraceae;g__Tyzzerella;s__
d2cbf5d522873f51e7f7d96beb1a5670,d__Bacteria;p__Bacteroidota;c__Bacteroidia;o__Bacteroidales
ad778ac82f7154a5a5d3225fd7099771,d__Bacteria;p__Bacteroidota;c__Bacteroidia;o__Bacteroidales;f__Tannerellaceae;g__Parabacteroides;s__
1a347574bf83091c6e8d441056ec98b4,d__Bacteria;p__Firmicutes;c__Clostridia;o__Oscillospirales;f__Ruminococcaceae;g__Ruminococcus;s__
a7ea69cacd2364272099a8abc0e57ff5,d__Bacteria;p__Bacteroidota;c__Bacteroidia;o__Bacteroidales;f__Tannerellaceae;g__Parabacteroides;s__
91e4f6afc65062adfbf534a109c61633,d__Bacteria;p__Firmicutes;c__Bacilli;o__Lactobacillales
723c6e023c9a6aa12c97d705d1ba55c8,d__Bacteria;p__Firmicutes;c__Clostridia;o__Oscillospirales;f__Oscillospiraceae
56735137bf9f66e399238d262ad78ba7,d__Bacteria;p__Firmicutes;c__Clostridia;o__Lachnospirales;f__Lachnospiraceae
ca8718860dfd5861778b14420b52831b,d__Bacteria;p__Synergistota;c__Synergistia;o__Synergistales;f__Synergistaceae;g__Cloacibacillus;s__
b245d8e103dc0af00ce1a1f0363368d1,d__Bacteria;p__Bacteroidota;c__Bacteroidia;o__Bacteroidales;f__Bacteroidaceae;g__Bacteroides;s__
482cdefbd20d5bde24d6163218f926ae,d__Bacteria;p__Proteobacteria;c__Alphaproteobacteria;o__Rickettsiales;f__Mitochondria;g__Mitochondria;s__
cff390900e8d6ad7bbe7ab9f23b84d55,d__Bacteria
460edd8e6c79fc2be58744302fdc49db,d__Bacteria;p__Bacteroidota;c__Bacteroidia;o__Bacteroidales;f__Muribaculaceae;g__Muribaculaceae;s__
89e70680390e2e45b1ae366dfc03bf01,d__Bacteria;p__Bacteroidota;c__Bacteroidia;o__Bacteroidales;f__Muribaculaceae;g__Muribaculaceae;s__
6ec6d48f57e8a4d3dc15e9635be55904,d__Bacteria;p__Bacteroidota;c__Bacteroidia;o__Bacteroidales;f__Muribaculaceae;g__Muribaculaceae;s__
942d935300897eb774c54c01f5eea6cc,d__Bacteria;p__Firmicutes;c__Negativicutes;o__Veillonellales-Selenomonadales;f__Selenomonadaceae;g__Selenomonas;s__
b78daf34ae51f07c55bd86bd129e47cf,d__Bacteria;p__Verrucomicrobiota;c__Verrucomicrobiae;o__Verrucomicrobiales;f__Akkermansiaceae;g__Akkermansia;s__
e88aae273fbefa5541e97dda1fc5d60a,d__Bacteria;p__Firmicutes;c__Negativicutes;o__Veillonellales-Selenomonadales;f__Selenomonadaceae;g__Selenomonas;s__
8f55a1ac3fcaa543ba6abf13e1080c1b,d__Bacteria;p__Firmicutes;c__Negativicutes;o__Veillonellales-Selenomonadales;f__Selenomonadaceae;g__Selenomonas;s__
5ff11b69f11defe49e73d0d05030caa2,d__Bacteria;p__Firmicutes;c__Clostridia;o__Oscillospirales;f__Ruminococcaceae;g__Ruminococcus;s__
6752e3282fd2d9862f4bcacf8f5556a8,d__Bacteria;p__Planctomycetota;c__vadinHA49;o__vadinHA49;f__vadinHA49;g__vadinHA49;s__
75656c492612ec85f35ee4fb41ad27d5,d__Bacteria;p__Firmicutes;c__Clostridia;o__Oscillospirales;f__Ruminococcaceae;g__Ruminococcus;s__
2407c08f7bd1ce1313421f52b6d8ca8d,d__Bacteria;p__Proteobacteria;c__Gammaproteobacteria;o__Burkholderiales
b45b2e3639eb094d497fb0b17ee49e4f,d__Bacteria;p__Firmicutes;c__Clostridia;o__Lachnospirales;f__Lachnospiraceae
eb12f8debc06a2e5718d80c2f47c4ad5,d__Bacteria;p__Firmicutes;c__Clostridia;o__Oscillospirales;f__Oscillospiraceae
895297e3fc46ed9d4f4c550f36ac71d8,d__Bacteria;p__Bacteroidota;c__Bacteroidia;o__Bacteroidales;f__Prevotellaceae
37cf7c6083dbab0176a732c8c33c752f,d__Bacteria;p__Bacteroidota;c__Bacteroidia;o__Bacteroidales;f__Muribaculaceae;g__Muribaculaceae;s__
857921b7f6acba0b419ef89cab26230c,d__Bacteria;p__Firmicutes;c__Clostridia;o__Lachnospirales;f__Lachnospiraceae
d1d7df4181cb0fa63db74cf287bf1574,d__Bacteria;p__Bacteroidota;c__Bacteroidia;o__Bacteroidales;f__Muribaculaceae;g__Muribaculaceae;s__
86304529663e25c18b9d9d38b81b3197,d__Bacteria;p__Firmicutes;c__Negativicutes;o__Veillonellales-Selenomonadales;f__Selenomonadaceae;g__Selenomonas;s__
b97fd3c7232f6d91c39fc8ebf3cae46b,d__Bacteria;p__Rs-K70_termite_group;c__Rs-K70_termite_group;o__Rs-K70_termite_group;f__Rs-K70_termite_group;g__Rs-K70_termite_group;s__
5bf1e3a6a757c1be3fd03173b2144310,d__Bacteria;p__Firmicutes;c__Clostridia;o__Oscillospirales;f__Ruminococcaceae
9dfe7373a429097084a63613191e1c91,d__Bacteria;p__Bacteroidota;c__Bacteroidia;o__Bacteroidales;f__Muribaculaceae;g__Muribaculaceae;s__
4c92af7e115b186a222805205d7eb6b6,d__Bacteria;p__Bacteroidota;c__Bacteroidia;o__Bacteroidales;f__Bacteroidaceae;g__Bacteroides;s__
5edcef91c51a1b62f5a43ad66ea3c7b5,d__Bacteria;p__Firmicutes;c__Clostridia;o__Oscillospirales;f__UCG-010;g__UCG-010;s__
3631e2919ffd45a49b76b1c8cc374483,d__Bacteria;p__Bacteroidota;c__Bacteroidia;o__Bacteroidales;f__Muribaculaceae;g__Muribaculaceae;s__
ffbd8bd6eecabdf87ade9639e973ba0f,d__Bacteria;p__Bacteroidota;c__Bacteroidia;o__Bacteroidales;f__Bacteroidaceae;g__Bacteroides;s__
faa4b8bc5a419d73893ca0889f21fd75,d__Bacteria;p__Desulfobacterota;c__Desulfovibrionia;o__Desulfovibrionales;f__Desulfovibrionaceae
f67c9485567e28f643eda3339b4c7160,d__Bacteria;p__Bacteroidota;c__Bacteroidia;o__Bacteroidales;f__Muribaculaceae;g__Muribaculaceae;s__
5e7d21f1e7e9f25152b2d70f34f8baed,d__Bacteria;p__Actinobacteriota;c__Coriobacteriia;o__Coriobacteriales
257b5d9f311199fb51c46b33c9a987b2,d__Bacteria;p__Firmicutes;c__Clostridia;o__Lachnospirales;f__Lachnospiraceae;g__[Eubacterium]_fissicatena_group;s__
7812b4b35e9a9d3f912bec710d2c3e7b,d__Bacteria;p__Bacteroidota;c__Bacteroidia;o__Bacteroidales;f__Muribaculaceae;g__Muribaculaceae;s__
b13a4cb86394075b7e508b399125f41e,d__Bacteria;p__Proteobacteria;c__Gammaproteobacteria;o__Enterobacterales;f__Enterobacteriaceae;g__Escherichia-Shigella;s__
bdf84b16f756f1ec33286f1291cffaed,d__Bacteria;p__Firmicutes;c__Clostridia;o__Lachnospirales;f__Lachnospiraceae;g__[Eubacterium]_fissicatena_group;s__
d599e0be227b06e15225380614472a29,d__Bacteria;p__Proteobacteria;c__Gammaproteobacteria;o__Burkholderiales
21869169038d2bf4953f31a1644a85e9,d__Bacteria;p__Bacteroidota;c__Bacteroidia;o__Bacteroidales;f__Muribaculaceae;g__Muribaculaceae;s__
911da13893f4c2e8bd97469525131e24,d__Bacteria;p__Desulfobacterota;c__Desulfovibrionia;o__Desulfovibrionales;f__Desulfovibrionaceae;g__Desulfovibrio;s__
2f379f8d66bd4d4508839b50c5b5595e,d__Bacteria;p__Firmicutes;c__Negativicutes;o__Acidaminococcales;f__Acidaminococcaceae;g__Phascolarctobacterium;s__
4b782c33b1469b1f42e82d2f66d49fdb,d__Bacteria;p__Rs-K70_termite_group;c__Rs-K70_termite_group;o__Rs-K70_termite_group;f__Rs-K70_termite_group;g__Rs-K70_termite_group;s__
72f0489fb912c1011b926ec6276d1758,Unassigned
8f02cf4844cf78fd7f03229713925de7,d__Bacteria;p__Desulfobacterota;c__Desulfovibrionia;o__Desulfovibrionales;f__Desulfovibrionaceae;g__Bilophila;s__
fb92e1a3a6e122cfcc20a2454a225cc7,d__Bacteria;p__Desulfobacterota;c__Desulfovibrionia;o__Desulfovibrionales;f__Desulfovibrionaceae;g__Desulfovibrio;s__
50f3d1f5433dc1c17065c2b9960b4b20,d__Bacteria;p__Firmicutes;c__Negativicutes;o__Acidaminococcales;f__Acidaminococcaceae;g__uncultured;s__
ff176695d5ee6d1f5acb5fb216ea422b,d__Bacteria;p__Firmicutes;c__Clostridia;o__Lachnospirales;f__Lachnospiraceae
a5a05a37ec4e982f17ad7a66a31b6a5c,d__Bacteria;p__Proteobacteria;c__Gammaproteobacteria;o__Burkholderiales
3e10b3e635aa67a07968bd2679e3b1b8,d__Bacteria;p__Firmicutes;c__Clostridia;o__Lachnospirales;f__Lachnospiraceae;g__Tyzzerella;s__
ba8ade9b41cfd03800545b66701bd013,d__Bacteria;p__Bacteroidota;c__Bacteroidia;o__Bacteroidales;f__Muribaculaceae;g__Muribaculaceae;s__
6f5f17d52b1de2441c2813a99e2fc9f3,d__Bacteria;p__Bacteroidota;c__Bacteroidia;o__Bacteroidales;f__Muribaculaceae;g__Muribaculaceae;s__
597ae0697947ce53776432b693a2adcf,d__Bacteria;p__Bacteroidota;c__Bacteroidia;o__Bacteroidales;f__Muribaculaceae;g__Muribaculaceae;s__
205a195419c89a6c3e7bae37c251e6f4,d__Bacteria;p__Bacteroidota;c__Bacteroidia;o__Bacteroidales;f__Rikenellaceae;g__Alistipes;s__
2c5a8641c82a69fa4e22468409456813,d__Bacteria;p__Bacteroidota;c__Bacteroidia;o__Bacteroidales
c0a6d3162e5c4138d741973cf599d5a9,d__Bacteria;p__Bacteroidota;c__Bacteroidia;o__Bacteroidales;f__Bacteroidaceae;g__Bacteroides;s__
761b736204a3d4472b757a9bceb57230,d__Bacteria;p__Firmicutes;c__Clostridia;o__Lachnospirales;f__Lachnospiraceae;g__Tyzzerella;s__
2e1cf2e5728039fe60c24f1789314788,d__Bacteria;p__Firmicutes;c__Clostridia;o__Lachnospirales;f__Lachnospiraceae
a29c83a055109a3055b3bec4f2b5ab50,d__Bacteria;p__Desulfobacterota;c__Desulfovibrionia;o__Desulfovibrionales;f__Desulfovibrionaceae;g__Desulfovibrio;s__
bee334cd9a616d838febe119d7795c39,d__Bacteria;p__Bacteroidota;c__Bacteroidia;o__Bacteroidales
3e828eed53fb4d116f8236e61df13833,d__Bacteria;p__Actinobacteriota;c__Actinobacteria;o__Actinomycetales;f__Actinomycetaceae
d6dccc5a04d29b705ed35583110fbcce,d__Bacteria;p__Firmicutes;c__Bacilli;o__Lactobacillales;f__Streptococcaceae;g__Streptococcus;s__
5140c876647d3784655abafbc7907f35,d__Bacteria;p__Firmicutes;c__Clostridia;o__Lachnospirales;f__Lachnospiraceae
2fca416047047885a44a5199cb8b1eed,d__Bacteria;p__Firmicutes;c__Clostridia;o__Oscillospirales;f__Oscillospiraceae;g__Colidextribacter;s__
abbbc42a4cbf5ea08360e4b1d038616d,d__Bacteria;p__Firmicutes;c__Clostridia;o__Oscillospirales;f__Ruminococcaceae
f9c91213c68b607b3c89333ebb1988ff,d__Bacteria;p__Firmicutes;c__Negativicutes;o__Acidaminococcales;f__Acidaminococcaceae;g__Phascolarctobacterium;s__
9101d777957ceb79fac3517f24341cb8,d__Bacteria;p__Desulfobacterota;c__Desulfovibrionia;o__Desulfovibrionales;f__Desulfovibrionaceae
fbd15ab3c57737bb0ef945b5759859ec,d__Bacteria;p__Bacteroidota;c__Bacteroidia;o__Bacteroidales;f__Tannerellaceae;g__Parabacteroides;s__
988e409552884c314eeddffedf39c8b1,d__Bacteria
a2bc38bbaac822187719afe466a4fcb1,d__Bacteria;p__Planctomycetota;c__vadinHA49;o__vadinHA49;f__vadinHA49;g__vadinHA49;s__
f02f6d7a5748460929c6c25f4e5ad477,d__Bacteria;p__Firmicutes;c__Negativicutes;o__Acidaminococcales;f__Acidaminococcaceae;g__uncultured;s__
0299e0a41d9a376fb74884fe78a1561c,d__Bacteria;p__Firmicutes;c__Clostridia;o__Lachnospirales;f__Lachnospiraceae
eb1e3412d7f3dcb76c2b9f63be77ce00,d__Bacteria;p__Rs-K70_termite_group;c__Rs-K70_termite_group;o__Rs-K70_termite_group;f__Rs-K70_termite_group;g__Rs-K70_termite_group;s__
46a89dd7d99783d8802b182ff6eb0bbf,d__Bacteria;p__Firmicutes;c__Clostridia;o__Lachnospirales;f__Lachnospiraceae
68b7fab80b2fcd417549eea5730fae12,d__Bacteria;p__Planctomycetota;c__vadinHA49;o__vadinHA49;f__vadinHA49;g__vadinHA49;s__
5d32ebf9ac75f1c4cc5911a51a53338f,d__Bacteria;p__Planctomycetota;c__vadinHA49;o__vadinHA49;f__vadinHA49;g__vadinHA49;s__
9c04ce14a7f14322c37645338f262ba6,d__Bacteria;p__Actinobacteriota;c__Actinobacteria;o__Corynebacteriales;f__Corynebacteriaceae;g__Corynebacterium;s__
eb8dad0428ed06d7763cb026d3bf647a,d__Bacteria;p__Synergistota;c__Synergistia;o__Synergistales;f__Synergistaceae;g__uncultured;s__
5dcff91222aa8d6769fc8a49f49cb05d,d__Bacteria;p__Cyanobacteria;c__Cyanobacteriia;o__Chloroplast;f__Chloroplast;g__Chloroplast;s__
abffeb5eeb6cd8c93c8e4354a2f11569,d__Bacteria;p__Cyanobacteria;c__Vampirivibrionia;o__Gastranaerophilales;f__Gastranaerophilales;g__Gastranaerophilales;s__
0bb1b4827d38c2a714f15f6ffaab8a4d,d__Bacteria;p__Firmicutes;c__Clostridia;o__Lachnospirales;f__Lachnospiraceae
666b8901a2068db2f5a14593913eefb8,d__Bacteria;p__Firmicutes;c__Clostridia;o__Oscillospirales;f__Ruminococcaceae;g__Candidatus_Soleaferrea;s__
a83a218e0c8c667ed77659a16ca4e5ba,d__Bacteria;p__Bacteroidota;c__Bacteroidia;o__Bacteroidales;f__Bacteroidaceae;g__Bacteroides;s__
9dd812feb16df61d290e9c7115d804b3,d__Bacteria;p__Desulfobacterota;c__Desulfovibrionia;o__Desulfovibrionales;f__Desulfovibrionaceae
bfb74a7a94238114a04d652572787a92,d__Bacteria;p__Bacteroidota;c__Bacteroidia;o__Bacteroidales;f__Tannerellaceae;g__Parabacteroides;s__
e2eac2e89bcf34fac066db2034ed16d0,Unassigned
d323d62c474ae478e7a2175439463728,d__Bacteria;p__Firmicutes;c__Negativicutes;o__Veillonellales-Selenomonadales;f__Selenomonadaceae;g__Selenomonas;s__
2efc2ffdf7d112f4887b12a2ac3597f5,d__Bacteria;p__Bacteroidota;c__Bacteroidia;o__Bacteroidales;f__Tannerellaceae;g__Parabacteroides;s__
0553361c9a222ef412a08b52b654f850,d__Bacteria;p__Bacteroidota;c__Bacteroidia;o__Bacteroidales;f__Bacteroidaceae;g__Bacteroides;s__
eb3f2d82b9d548d78ad50165d5e53a50,Unassigned
a4b4e8281b948abc267baf0e7a50cd8c,Unassigned
598ceaf8980a52996ac4ad55ab75548a,d__Bacteria;p__Planctomycetota;c__vadinHA49;o__vadinHA49;f__vadinHA49;g__vadinHA49;s__
cc1cc283ea683860b3b9ce56b0015ceb,d__Bacteria;p__Desulfobacterota;c__Desulfovibrionia;o__Desulfovibrionales;f__Desulfovibrionaceae;g__Desulfovibrio;s__
f265cb9481b643bb08ab833f61ca928c,d__Bacteria;p__Synergistota;c__Synergistia;o__Synergistales;f__Synergistaceae;g__Cloacibacillus;s__
a0faa71bb4c4c82b38c3d9fb8881680b,d__Bacteria;p__Proteobacteria;c__Gammaproteobacteria;o__Burkholderiales
bf978beb25cb4374b7abe0a642c321b0,d__Bacteria;p__Firmicutes;c__Clostridia;o__Lachnospirales;f__Lachnospiraceae
f3682321437e60170aa2fd196c2218e7,d__Bacteria;p__Verrucomicrobiota;c__Verrucomicrobiae;o__Verrucomicrobiales;f__Akkermansiaceae;g__Akkermansia;s__
cc21a78fc1793550d98197369d8ad08f,d__Bacteria;p__Verrucomicrobiota;c__Verrucomicrobiae;o__Verrucomicrobiales;f__Akkermansiaceae;g__Akkermansia;s__
dd41f6eb45be0a987c96a34b7ecd9646,d__Bacteria;p__Firmicutes;c__Clostridia;o__Oscillospirales;f__Oscillospiraceae;g__NK4A214_group;s__
5095dab8dfdc8cb631ab1e334ed042c5,d__Bacteria;p__Firmicutes;c__Clostridia;o__Oscillospirales;f__Oscillospiraceae
b0bcb028d6080056e906383c59b7a5a7,d__Bacteria;p__Proteobacteria;c__Gammaproteobacteria;o__Burkholderiales;f__Sutterellaceae;g__Parasutterella;s__
9deaf3b249c3e9229534d391e0194c70,d__Bacteria;p__Firmicutes;c__Clostridia;o__Lachnospirales;f__Lachnospiraceae
c54c8997655181fefb448af37e5dd0f2,d__Bacteria;p__Firmicutes;c__Clostridia;o__Oscillospirales;f__Oscillospiraceae;g__NK4A214_group;s__
c735cb3152f082c27cb984efaa06e759,d__Bacteria;p__Firmicutes;c__Clostridia;o__Lachnospirales;f__Lachnospiraceae
33f6bca2b137d93c77f0eb94badd87df,d__Bacteria;p__Firmicutes;c__Clostridia;o__Oscillospirales;f__Oscillospiraceae
f02bc9d1156dac36b936428c44bd2f3d,d__Bacteria;p__Firmicutes;c__Clostridia;o__Lachnospirales;f__Lachnospiraceae
44b1c78dcd84e04fe9844b4427250a25,d__Bacteria;p__Bacteroidota;c__Bacteroidia;o__Bacteroidales
49ec24be0235b197009fc5bdd72016ae,d__Bacteria;p__Proteobacteria;c__Gammaproteobacteria;o__Enterobacterales;f__Enterobacteriaceae
16fc6b0e30c52f1007902fd9a583439a,d__Bacteria;p__Firmicutes;c__Clostridia
ac586980309cb451aee491ec94ff3e33,d__Bacteria;p__Firmicutes;c__Clostridia;o__Oscillospirales;f__Oscillospiraceae
7d95e8c09152bf97506a5315eca19cd6,d__Bacteria;p__Firmicutes;c__Clostridia;o__Oscillospirales;f__Oscillospiraceae
e2aaa75f73e66c4161c270f4e2fdbde1,d__Bacteria;p__Proteobacteria;c__Gammaproteobacteria;o__Burkholderiales;f__Sutterellaceae;g__Parasutterella;s__
d793f289688b1506e92ef8632f10dc4e,d__Bacteria;p__Firmicutes;c__Clostridia;o__Lachnospirales;f__Lachnospiraceae
5ed6047c8fac7a3ac2fc6896387abf27,d__Bacteria;p__Firmicutes;c__Clostridia;o__Monoglobales;f__Monoglobaceae;g__Monoglobus;s__
9503419337ffa4debc4e8283c4af5c16,d__Bacteria;p__Verrucomicrobiota;c__Verrucomicrobiae;o__Verrucomicrobiales;f__Akkermansiaceae;g__Akkermansia;s__
ea8dcff5b44319659d38190cb156c86a,d__Bacteria;p__Firmicutes;c__Clostridia;o__Lachnospirales;f__Lachnospiraceae
0cf61a445dc81d0f676611b938c19d86,d__Bacteria;p__Proteobacteria;c__Gammaproteobacteria;o__Enterobacterales
b9d6623551ccbcba2e266b516955d44c,d__Bacteria;p__Firmicutes;c__Clostridia;o__Oscillospirales;f__Oscillospiraceae;g__Oscillibacter;s__
ac1d9088a29bee75c969eb966627b066,d__Bacteria;p__Firmicutes;c__Bacilli;o__Erysipelotrichales;f__Erysipelatoclostridiaceae;g__Candidatus_Stoquefichus;s__
e9334d1e81122f901c6c3a9b5a8f2bc9,d__Bacteria;p__Firmicutes;c__Clostridia;o__Lachnospirales;f__Lachnospiraceae
afe9fef59f411cef60993a3421143cc1,d__Bacteria;p__Firmicutes;c__Clostridia;o__Lachnospirales;f__Lachnospiraceae
b27801a816265580306d437efd1ec6cd,d__Bacteria;p__Verrucomicrobiota;c__Verrucomicrobiae;o__Verrucomicrobiales;f__Akkermansiaceae;g__Akkermansia;s__
7cd2957d990abbb6174303daa8dcd3fc,d__Bacteria;p__Firmicutes;c__Clostridia;o__Oscillospirales;f__Ruminococcaceae;g__Incertae_Sedis;s__
22d77444dac3af19f24258ecf910fba6,d__Bacteria;p__Firmicutes;c__Clostridia;o__Lachnospirales;f__Lachnospiraceae
2b41d2d037c5f97c19772fa08b899862,d__Bacteria;p__Firmicutes;c__Clostridia;o__Oscillospirales;f__Oscillospiraceae;g__NK4A214_group;s__
9cb9e3d0d7e6fb5a95ce827dbd050929,d__Bacteria;p__Proteobacteria;c__Gammaproteobacteria;o__Enterobacterales
684583a50a1591f60f96c88c3da9f487,d__Bacteria;p__Firmicutes;c__Clostridia;o__Clostridia_vadinBB60_group;f__Clostridia_vadinBB60_group;g__Clostridia_vadinBB60_group;s__
2bd02e4ec3efd9ca91c3b65c9e1d6425,d__Bacteria;p__Proteobacteria;c__Gammaproteobacteria;o__Enterobacterales
83e16cabc5bbdb6827d16145829f7e3e,d__Bacteria;p__Firmicutes;c__Clostridia;o__Oscillospirales;f__Ruminococcaceae
6aba390cbaac3b332e68fa113fef3175,d__Bacteria;p__Firmicutes;c__Clostridia;o__Lachnospirales;f__Lachnospiraceae
d9b6fe25b16c9f7bc6db2cf45e26a201,d__Bacteria;p__Synergistota;c__Synergistia;o__Synergistales;f__Synergistaceae;g__Cloacibacillus;s__
b26a905e11861b236bbea5e441f098c5,d__Bacteria;p__Firmicutes;c__Clostridia;o__Lachnospirales;f__Lachnospiraceae
99c6f9c0dbb46444c831e5b710b01ad3,d__Bacteria;p__Firmicutes;c__Clostridia;o__Oscillospirales
9091109ad37fc41117b178bb95ead914,d__Bacteria;p__Firmicutes;c__Syntrophomonadia;o__Syntrophomonadales;f__Syntrophomonadaceae
a4fd0a044e9bc687a337acca416cf6b6,d__Bacteria;p__Bacteroidota;c__Bacteroidia;o__Bacteroidales;f__Tannerellaceae;g__Parabacteroides;s__
d71206fe79f5fc6989632b56ea9d1ca3,d__Bacteria;p__Firmicutes;c__Clostridia;o__Oscillospirales;f__Oscillospiraceae
892218c50123d1c2cd37dbb8d2e622be,d__Bacteria;p__Firmicutes;c__Clostridia;o__Lachnospirales;f__Lachnospiraceae
5618f02264a1c537fed339950d210aea,d__Bacteria;p__Firmicutes;c__Bacilli;o__Erysipelotrichales;f__Erysipelatoclostridiaceae
dd2ce80987d5afd7e31cc774bfd19797,d__Bacteria;p__Firmicutes;c__Syntrophomonadia;o__Syntrophomonadales;f__Syntrophomonadaceae
863984aa17a8db08922c1cb4d22a4a5a,d__Bacteria;p__Firmicutes;c__Clostridia;o__Lachnospirales;f__Lachnospiraceae
22c9547940c57be0a49da2926614f417,d__Bacteria;p__Firmicutes;c__Clostridia;o__Oscillospirales;f__Oscillospiraceae
9725d75618a17a095b049abdeec65212,d__Bacteria;p__Actinobacteriota;c__Coriobacteriia;o__Coriobacteriales;f__Coriobacteriales_Incertae_Sedis;g__uncultured;s__
09d7e5388e2adc2c0982784b6fb5a352,d__Bacteria;p__Actinobacteriota;c__Coriobacteriia;o__Coriobacteriales
eba9853a35cb0c45c9aaf0ec77769cba,d__Bacteria;p__Fusobacteriota;c__Fusobacteriia;o__Fusobacteriales;f__Fusobacteriaceae;g__Fusobacterium;s__
5123d653ec86d2891d2dade4fe59a5a9,d__Bacteria;p__Firmicutes;c__Clostridia;o__Lachnospirales;f__Lachnospiraceae
4cd309c4d27eebbc0b6fc8cbb18276bf,d__Bacteria;p__Planctomycetota;c__vadinHA49;o__vadinHA49;f__vadinHA49;g__vadinHA49;s__
92015a2b0041fcf5cb628dd47203cd7c,d__Bacteria;p__Proteobacteria;c__Gammaproteobacteria;o__Burkholderiales
3ea9f1c585b89a360be4837bd8857e66,d__Bacteria;p__Proteobacteria;c__Gammaproteobacteria;o__Burkholderiales
21f62d4c74ffff9f8783e4d4cb051325,d__Bacteria;p__Firmicutes;c__Clostridia;o__Oscillospirales;f__Ruminococcaceae
d61becf5a9f88c47dbfc064321958c38,d__Bacteria;p__Firmicutes;c__Clostridia;o__Lachnospirales;f__Lachnospiraceae
aa240fec6f8ae02713c1d8a9f2dfb762,d__Bacteria;p__Firmicutes;c__Clostridia;o__Lachnospirales;f__Lachnospiraceae;g__Tyzzerella;s__
de44de2f712163b34a394b5d5678f536,d__Bacteria;p__Firmicutes;c__Clostridia;o__Peptostreptococcales-Tissierellales;f__Anaerovoracaceae
5cfe322acf480f1b24ee5ce78896ee3f,d__Bacteria;p__Patescibacteria;c__Saccharimonadia;o__Saccharimonadales;f__Saccharimonadales;g__Saccharimonadales;s__
e9eb25da8109fccef45e731dfff66578,d__Bacteria;p__Proteobacteria;c__Gammaproteobacteria;o__Burkholderiales
5feae1d8b85722b1633d8f8663886c65,d__Bacteria;p__Desulfobacterota;c__Desulfovibrionia;o__Desulfovibrionales;f__Desulfovibrionaceae;g__Bilophila;s__
e0e02759ef744aa703373561e7321aa9,d__Bacteria;p__Verrucomicrobiota;c__Verrucomicrobiae;o__Verrucomicrobiales;f__Akkermansiaceae;g__Akkermansia;s__
963c9edbd42dca8970b79ae7c0af98f7,d__Bacteria;p__Cyanobacteria;c__Vampirivibrionia;o__Gastranaerophilales;f__Gastranaerophilales;g__Gastranaerophilales;s__
6e272273308eae4c52ecf89316c9ea58,d__Bacteria;p__Firmicutes;c__Clostridia;o__Oscillospirales;f__Oscillospiraceae;g__Intestinimonas;s__
3f46fb9888a9aa81450c302ff1e9d35c,d__Bacteria;p__Firmicutes;c__Clostridia;o__Lachnospirales;f__Lachnospiraceae;g__Lachnospiraceae_UCG-010;s__
760d2730063951b5471a1f38b811039f,d__Bacteria;p__Desulfobacterota;c__Desulfovibrionia;o__Desulfovibrionales;f__Desulfovibrionaceae;g__Desulfovibrio;s__
881e8bb73ebe8cb787404a74bfbe9375,d__Bacteria;p__Proteobacteria;c__Gammaproteobacteria;o__Burkholderiales
8057dd78be41a4d193fafc6a25063370,d__Bacteria;p__Firmicutes;c__Clostridia;o__Oscillospirales;f__Oscillospiraceae
dafd0a48feab73f62d541c66cb42bd75,d__Bacteria;p__Firmicutes;c__Clostridia;o__Oscillospirales;f__Oscillospiraceae;g__Intestinimonas;s__
54bd37ad9ce37950bda8280b8f286cc4,d__Bacteria;p__Firmicutes;c__Clostridia;o__Lachnospirales;f__Lachnospiraceae
c7c002405023d2d21a57e5ef042c6e9b,d__Bacteria;p__Desulfobacterota;c__Desulfovibrionia;o__Desulfovibrionales;f__Desulfovibrionaceae;g__Desulfovibrio;s__
f6afb9cb8abf463039deacef67dac969,d__Bacteria;p__Bacteroidota;c__Bacteroidia;o__Bacteroidales;f__Rikenellaceae;g__Alistipes;s__
7c49731960cfe5eb702114af8ab5a3cc,d__Archaea;p__Euryarchaeota;c__Methanobacteria;o__Methanobacteriales;f__Methanobacteriaceae;g__Methanobrevibacter;s__
7c0b3e9db6292e8fba8454985ecf00ad,d__Bacteria;p__Proteobacteria;c__Gammaproteobacteria;o__Burkholderiales;f__Burkholderiaceae;g__Burkholderia-Caballeronia-Paraburkholderia;s__
88ed3a7817c52d288f41128e6c820ad5,d__Bacteria;p__Firmicutes;c__Clostridia;o__Clostridia_vadinBB60_group;f__Clostridia_vadinBB60_group;g__Clostridia_vadinBB60_group;s__
31a2dc93ef178d9d7d0cc454f83fe13b,d__Bacteria;p__Firmicutes;c__Clostridia;o__Oscillospirales;f__[Eubacterium]_coprostanoligenes_group;g__[Eubacterium]_coprostanoligenes_group;s__
274dd343d48a99fb9645e70096db3ff1,d__Bacteria;p__Verrucomicrobiota;c__Verrucomicrobiae;o__Verrucomicrobiales;f__Akkermansiaceae;g__Akkermansia;s__
5558ee24401f1ddc48292f910315662d,d__Bacteria;p__Firmicutes;c__Bacilli;o__Lactobacillales;f__Streptococcaceae;g__Streptococcus;s__
89bbd23e21a52d4c316edb197ab47eec,d__Bacteria;p__Actinobacteriota;c__Coriobacteriia;o__Coriobacteriales
b99d801f887ef063d2eb8e46979c9d93,d__Bacteria;p__Actinobacteriota;c__Coriobacteriia;o__Coriobacteriales;f__Coriobacteriales_Incertae_Sedis;g__uncultured;s__
b0ed5ce9756b4a3ec2fa0fc911102cda,d__Bacteria;p__Patescibacteria;c__Saccharimonadia;o__Saccharimonadales;f__Saccharimonadales;g__Saccharimonadales;s__
b765f9ac8e69d36c9334e1b35270392c,d__Bacteria;p__Firmicutes;c__Clostridia;o__Oscillospirales;f__Oscillospiraceae;g__Oscillibacter;s__
cb7955533dfa3074eb78dbe76ab535e7,d__Bacteria;p__Firmicutes;c__Bacilli;o__Lactobacillales;f__Streptococcaceae;g__Streptococcus;s__
ec605150ae657d4e28abb52c098179b3,d__Bacteria;p__Firmicutes;c__Clostridia;o__Peptostreptococcales-Tissierellales;f__Anaerovoracaceae;g__Family_XIII_UCG-001;s__
975128fd48d48e733e0cf8c91f325520,d__Bacteria;p__Actinobacteriota;c__Actinobacteria;o__Actinomycetales;f__Actinomycetaceae;g__Mobiluncus;s__
1ee918b36039f83080211d3f05df7f78,d__Bacteria;p__Fusobacteriota;c__Fusobacteriia;o__Fusobacteriales;f__Fusobacteriaceae;g__Fusobacterium;s__
eafbc0230d7c2df480e93126b049a7b9,d__Bacteria;p__Proteobacteria;c__Gammaproteobacteria;o__Burkholderiales;f__Burkholderiaceae;g__Burkholderia-Caballeronia-Paraburkholderia;s__
2dc94fc9bbaec1fea07c3eaeee6df4cb,d__Bacteria;p__Firmicutes;c__Clostridia;o__Lachnospirales;f__Lachnospiraceae
0225b315f4e54a686ad5218d123d8ad2,d__Bacteria;p__Firmicutes;c__Bacilli;o__Lactobacillales
8790e34fc381eb586404a82ce91247c4,d__Bacteria;p__Actinobacteriota;c__Actinobacteria;o__Corynebacteriales;f__Corynebacteriaceae;g__Corynebacterium;s__
599f56496a1e62337d38fd41551ed25d,d__Bacteria;p__Planctomycetota;c__vadinHA49;o__vadinHA49;f__vadinHA49;g__vadinHA49;s__
aab3acf8b749ebd0dfa36fed5bc61894,d__Bacteria;p__Firmicutes;c__Negativicutes;o__Acidaminococcales;f__Acidaminococcaceae;g__Phascolarctobacterium;s__
e28fc394bb7a42dd8c1fb3b66866d24d,d__Bacteria;p__Firmicutes;c__Clostridia;o__Oscillospirales;f__Oscillospiraceae
1a3419c4525011505898a8281a145f34,d__Bacteria;p__Proteobacteria;c__Gammaproteobacteria;o__Burkholderiales;f__Burkholderiaceae
2b3f5633102d5b54cd9ea169f5b9f866,d__Bacteria;p__Bacteroidota;c__Bacteroidia;o__Bacteroidales;f__Bacteroidaceae;g__Bacteroides;s__
90743812b759b3ba92c1011662f0c29f,d__Bacteria;p__Firmicutes;c__Bacilli;o__Lactobacillales;f__Streptococcaceae;g__Streptococcus;s__
622375d5af930855eefb83b097cdb78e,d__Bacteria;p__Firmicutes;c__Bacilli;o__Lactobacillales
c214bcf89c9461931d8979d69b0b3523,d__Bacteria;p__Actinobacteriota;c__Actinobacteria;o__Propionibacteriales;f__Propionibacteriaceae;g__uncultured;s__
7f72d5c1cad76b9bb8e405253d737fd4,d__Bacteria;p__Firmicutes;c__Clostridia;o__Oscillospirales;f__Hungateiclostridiaceae;g__Fastidiosipila;s__
d7c292888175765df32ae4f6eb3c0194,d__Bacteria;p__Proteobacteria;c__Gammaproteobacteria;o__Burkholderiales;f__Sutterellaceae;g__Parasutterella;s__
a57cfe91d6bc94e2ada88f725af22bee,d__Bacteria;p__Actinobacteriota;c__Actinobacteria;o__Micrococcales;f__Microbacteriaceae;g__Frondihabitans;s__
56d0f7980f342896b8d1e28b107570db,d__Bacteria;p__Cyanobacteria;c__Vampirivibrionia;o__Gastranaerophilales;f__Gastranaerophilales;g__Gastranaerophilales;s__
d1931d5e59473ec3bec01f515be8dfb9,d__Bacteria;p__Firmicutes;c__Bacilli;o__Lactobacillales
1efff2a8da40f38a941bba595cc53395,d__Bacteria;p__Desulfobacterota;c__Desulfovibrionia;o__Desulfovibrionales;f__Desulfovibrionaceae;g__Desulfovibrio;s__
471b0f8ec7d3e574243db117d90772d6,d__Bacteria;p__Bacteroidota;c__Bacteroidia;o__Bacteroidales;f__Porphyromonadaceae;g__Porphyromonas;s__
c25a0be45f96fcbbe1d6bca0fa382b4c,d__Bacteria;p__Desulfobacterota;c__Desulfovibrionia;o__Desulfovibrionales;f__Desulfovibrionaceae
b36bd2e18c36711557b70159fb507559,d__Bacteria;p__Bacteroidota;c__Bacteroidia;o__Bacteroidales;f__Rikenellaceae;g__Alistipes;s__
839b953f93e3aff7f916511b7e2459bf,d__Bacteria;p__Firmicutes;c__Clostridia;o__Lachnospirales;f__Lachnospiraceae;g__Fusicatenibacter;s__
ae3b7204bbc2add3b324d883fcd32e0e,d__Bacteria;p__Verrucomicrobiota;c__Verrucomicrobiae;o__Verrucomicrobiales;f__Akkermansiaceae;g__Akkermansia;s__
f6556a5d47084edc64b2272ade69cd64,d__Bacteria;p__Actinobacteriota;c__Actinobacteria;o__Actinomycetales;f__Actinomycetaceae
7c8064f7cb8f4f7b82b8511e4ec3c651,d__Bacteria;p__Firmicutes;c__Clostridia;o__Lachnospirales;f__Lachnospiraceae
fbabbd4b5575b5a4795b91d6d14e7038,d__Bacteria;p__Firmicutes;c__Clostridia;o__Oscillospirales;f__Ruminococcaceae;g__Candidatus_Soleaferrea;s__
5cedc742133f2eda00795bc9677c01c3,d__Bacteria;p__Proteobacteria;c__Alphaproteobacteria;o__Rhizobiales;f__Beijerinckiaceae;g__1174-901-12;s__
ba5cfc745f82c457c791a8cd4aeed657,d__Bacteria;p__Firmicutes;c__Clostridia;o__Oscillospirales;f__Oscillospiraceae
e9eb99dce298ea472ec84e861138a16e,d__Bacteria;p__Firmicutes;c__Clostridia;o__Oscillospirales;f__Ruminococcaceae;g__Candidatus_Soleaferrea;s__
5e5af5a92c287327164fec6049e4ab4f,d__Bacteria;p__Firmicutes;c__Clostridia;o__Oscillospirales;f__Ruminococcaceae;g__Candidatus_Soleaferrea;s__
94b4fce609a9fd49f268be2cda042cc9,d__Bacteria;p__Proteobacteria;c__Alphaproteobacteria;o__Rhizobiales;f__Beijerinckiaceae;g__Methylobacterium-Methylorubrum;s__
1b7c405ebae51cf452aa4d8830be3143,d__Bacteria;p__Firmicutes;c__Bacilli;o__Lactobacillales
94652592181ef61f2ebb9885c5de0305,d__Bacteria;p__Firmicutes;c__Bacilli;o__Lactobacillales;f__Aerococcaceae
36ddd52b8c4d7f1f592d5afb088c4cd7,d__Bacteria;p__Firmicutes;c__Clostridia;o__Oscillospirales;f__Ruminococcaceae;g__Ruminococcus;s__
114df0b2c49b389327e0f2df20924b0c,d__Bacteria;p__Desulfobacterota;c__Desulfobacteria;o__Desulfobacterales;f__uncultured;g__uncultured;s__
d9ad3f5c2fb3fd72b3f7f7fca0dba8e6,d__Bacteria;p__Desulfobacterota;c__Desulfobacteria;o__Desulfobacterales;f__uncultured;g__uncultured;s__
8ffaf0619b41de65ce817d93918fb952,Unassigned
719293bb86ceea4fa4bbc72b9178c9a0,d__Bacteria;p__Firmicutes;c__Clostridia;o__Lachnospirales;f__Lachnospiraceae
7db8545eda84aa7fa9b3bed4f7637fa9,d__Bacteria;p__Bacteroidota;c__Bacteroidia;o__Bacteroidales;f__Rikenellaceae;g__Alistipes;s__
18bcebc41b0a3e34f1e9935045165daf,d__Bacteria;p__Firmicutes;c__Bacilli;o__Lactobacillales
11ebdc46068cdd08796246826061fc54,d__Bacteria;p__Firmicutes;c__Clostridia;o__Lachnospirales;f__Lachnospiraceae
0776d1d0bc6811b403cac3e35ef9a9f1,d__Bacteria;p__Firmicutes;c__Clostridia;o__Oscillospirales;f__Oscillospiraceae;g__NK4A214_group;s__
e0461fe5ccd0fe377ed86f98b08c487b,Unassigned
b41c4dcd8deea6f87d1ae4234d8716a0,d__Bacteria;p__Proteobacteria;c__Gammaproteobacteria;o__Burkholderiales;f__Sutterellaceae;g__Parasutterella;s__
b46e46f1284e57fb2b74ccd9b5d9b90c,d__Bacteria;p__Deferribacterota;c__Deferribacteres;o__Deferribacterales;f__Deferribacteraceae;g__Mucispirillum;s__
f37587eb1868cbb07daa1d368be534fc,d__Bacteria;p__Firmicutes;c__Bacilli;o__Lactobacillales
adb84e190c637fe0c088e5b7c6d93743,d__Bacteria;p__Firmicutes;c__Bacilli;o__Lactobacillales;f__Aerococcaceae
e34acd1cec3b7bd5167ff1d6dbce4e0b,d__Bacteria;p__Planctomycetota;c__vadinHA49;o__vadinHA49;f__vadinHA49;g__vadinHA49;s__
55cc9ebe73fe1419ec0863883db29a6b,d__Bacteria;p__Verrucomicrobiota;c__Verrucomicrobiae;o__Verrucomicrobiales;f__Akkermansiaceae;g__Akkermansia;s__
e394863b13eb074c2fcc438247da4798,d__Bacteria;p__Firmicutes;c__Clostridia;o__Lachnospirales;f__Lachnospiraceae;g__Tyzzerella;s__
a09c4577182992611c42a3b286f696eb,d__Bacteria;p__Firmicutes;c__Clostridia;o__Oscillospirales;f__Oscillospiraceae;g__NK4A214_group;s__
eacc68ee3974a3a0aabf415dece07716,d__Bacteria;p__Firmicutes;c__Clostridia;o__Lachnospirales;f__Lachnospiraceae
731fa9be0ddda65b0b0f147e8819e940,d__Bacteria;p__Firmicutes;c__Clostridia;o__Lachnospirales;f__Lachnospiraceae
ea36ad61306301ea2e76545812532476,d__Bacteria;p__Firmicutes;c__Clostridia;o__Lachnospirales;f__Lachnospiraceae
2a9ccf60d6e06955c0464fbf36775105,d__Bacteria;p__Firmicutes;c__Clostridia;o__Oscillospirales;f__Oscillospiraceae;g__Colidextribacter;s__
318089034b85cec063536ee3b3cd58e1,d__Bacteria;p__Proteobacteria;c__Gammaproteobacteria;o__Enterobacterales;f__Enterobacteriaceae;g__Escherichia-Shigella;s__
73813f9540aff1ae68c347e647183ace,d__Bacteria;p__Synergistota;c__Synergistia;o__Synergistales;f__Synergistaceae;g__uncultured;s__
f4ea16cf03ac9f13cbc14f73345fec3b,d__Bacteria;p__Firmicutes;c__Clostridia;o__Lachnospirales;f__Lachnospiraceae;g__Tyzzerella;s__
9156f14de36ce516540d1b47ba0f6479,d__Bacteria;p__Planctomycetota;c__vadinHA49;o__vadinHA49;f__vadinHA49;g__vadinHA49;s__
0d1adb075be34e5fbb43442a22047eba,d__Bacteria;p__Proteobacteria;c__Gammaproteobacteria;o__Burkholderiales
08ca0a2e459d1e87db04b2f499f07efa,d__Bacteria;p__Firmicutes;c__Clostridia;o__Lachnospirales;f__Lachnospiraceae
599a9061a2de21b90d3cc49f3ed29ab1,d__Bacteria;p__Firmicutes;c__Clostridia;o__Oscillospirales;f__Oscillospiraceae
7416462dcf0d6557b0bf0b577d796857,d__Bacteria;p__Proteobacteria;c__Gammaproteobacteria;o__Enterobacterales;f__Enterobacteriaceae;g__Escherichia-Shigella;s__
64377f0f145f5abca44525fc5314331f,d__Bacteria;p__Firmicutes;c__Clostridia;o__Oscillospirales;f__Oscillospiraceae
af8ced7df25f48edc8a66d74b2d71316,d__Bacteria;p__Firmicutes;c__Clostridia;o__Lachnospirales;f__Lachnospiraceae
dff15f470f81b8dab01334f9b33f274b,d__Bacteria;p__Bacteroidota;c__Bacteroidia;o__Bacteroidales;f__Bacteroidaceae;g__Bacteroides;s__
37608658bc44bb6c958f360c7a3f0a47,d__Bacteria;p__Firmicutes;c__Clostridia;o__Lachnospirales;f__Lachnospiraceae;g__Tyzzerella;s__
70952ed36bafbbc0001fc0aff3f1aec9,d__Bacteria;p__Bacteroidota;c__Bacteroidia;o__Bacteroidales;f__Rikenellaceae;g__Alistipes;s__
3b09c297666a5fa81d324f2d833e99a1,d__Bacteria;p__Proteobacteria;c__Gammaproteobacteria;o__Enterobacterales;f__Enterobacteriaceae;g__Escherichia-Shigella;s__
15c87e66286ce9e725dd7316c1a3a3ea,d__Bacteria;p__Proteobacteria;c__Gammaproteobacteria;o__Burkholderiales
c08d23386a684bd264c1d6b9720940b3,d__Bacteria;p__Rs-K70_termite_group;c__Rs-K70_termite_group;o__Rs-K70_termite_group;f__Rs-K70_termite_group;g__Rs-K70_termite_group;s__
d6e0ca6d8b45ebc0ee0cc94e85a26e48,d__Bacteria;p__Firmicutes;c__Clostridia;o__Oscillospirales;f__Oscillospiraceae;g__NK4A214_group;s__
54df85bf0efadfcdd4548afc9cc326a7,d__Bacteria;p__Rs-K70_termite_group;c__Rs-K70_termite_group;o__Rs-K70_termite_group;f__Rs-K70_termite_group;g__Rs-K70_termite_group;s__
5be00c64a58ff72da9d617f951fdccfb,d__Bacteria;p__Proteobacteria;c__Gammaproteobacteria;o__Burkholderiales
4eb15c38816871255a4ab26044adb0be,d__Archaea
f47938e993731f47a35dd49560a77a35,d__Bacteria;p__Proteobacteria;c__Gammaproteobacteria;o__Enterobacterales;f__Enterobacteriaceae;g__Escherichia-Shigella;s__
e9a09f13f6d86bc844a10bb898a52aaa,d__Bacteria;p__Planctomycetota;c__vadinHA49;o__vadinHA49;f__vadinHA49;g__vadinHA49;s__
fea44e08f1254b0f563e704b509ebda4,d__Bacteria;p__Firmicutes;c__Clostridia;o__Oscillospirales;f__Ruminococcaceae;g__Candidatus_Soleaferrea;s__
310873e48d70d7e2ea26839bdfc8a5be,d__Bacteria;p__Actinobacteriota;c__Actinobacteria;o__Propionibacteriales;f__Propionibacteriaceae
3f57accc29ecdd3a8f5a1cd660af1ead,d__Bacteria;p__Desulfobacterota;c__Desulfovibrionia;o__Desulfovibrionales;f__Desulfovibrionaceae
2a14676532a31d8b44409f11f3da7237,d__Bacteria;p__Desulfobacterota;c__Desulfovibrionia;o__Desulfovibrionales;f__Desulfovibrionaceae;g__uncultured;s__
ec4dd078f519246da772d65f9e9c01ef,d__Bacteria;p__Firmicutes;c__Clostridia;o__Oscillospirales;f__Oscillospiraceae;g__Colidextribacter;s__
46f5db7a44de1b0762077ffc3baede4a,d__Bacteria;p__Firmicutes;c__Clostridia;o__Lachnospirales;f__Lachnospiraceae
a22c26cfe2d1df09066c3a898ee2e085,d__Bacteria;p__Desulfobacterota;c__Desulfovibrionia;o__Desulfovibrionales;f__Desulfovibrionaceae;g__Desulfovibrio;s__
b9a463793f75989d1c9b4fab65deb143,d__Bacteria;p__Firmicutes;c__Clostridia;o__Oscillospirales;f__Hungateiclostridiaceae
86955bc5906fc7df2e134cd8b6f7210a,d__Bacteria;p__Firmicutes;c__Clostridia;o__Oscillospirales;f__Ruminococcaceae;g__Candidatus_Soleaferrea;s__
3ff5645a637441f854342271c608855d,d__Bacteria;p__Synergistota;c__Synergistia;o__Synergistales;f__Synergistaceae;g__Cloacibacillus;s__
430c59151fe6812abff65409f4998297,d__Bacteria;p__Firmicutes;c__Clostridia;o__Oscillospirales;f__Oscillospiraceae
107205f64b862aede2832ed2ada2782a,d__Bacteria;p__Actinobacteriota;c__Actinobacteria;o__Propionibacteriales;f__Propionibacteriaceae
71fe19ae3fe6bec64820afd848d30bce,d__Bacteria;p__Firmicutes;c__Negativicutes;o__Acidaminococcales;f__Acidaminococcaceae;g__uncultured;s__
b26333082482a19d89bdd648ad2f1d0e,d__Bacteria;p__Bacteroidota;c__Bacteroidia;o__Bacteroidales;f__Rikenellaceae
e02ee423e658a891ae1976a84c8170a5,d__Bacteria;p__Bacteroidota;c__Bacteroidia;o__Bacteroidales;f__Bacteroidaceae;g__Bacteroides;s__
fcb8822816b6762743f7052c49f6086b,d__Bacteria;p__Bacteroidota;c__Bacteroidia;o__Bacteroidales;f__Rikenellaceae;g__Alistipes;s__
22feba286d3873bafdb2f282470f98fc,d__Bacteria;p__Bacteroidota;c__Bacteroidia;o__Bacteroidales;f__Rikenellaceae;g__Alistipes;s__
ad77fd54a2935ef8fc93d3d8b3f6aa1e,d__Bacteria;p__Firmicutes;c__Bacilli;o__Lactobacillales
27b726cd5537419f34e34c5ddccb721d,Unassigned
03f2ed054cf8e9fc88e9a55851b5e63a,d__Bacteria;p__Bacteroidota;c__Bacteroidia;o__Bacteroidales;f__Rikenellaceae;g__Alistipes;s__
18cc26beaa7846ca296c668d398a9db5,d__Bacteria;p__Proteobacteria;c__Gammaproteobacteria;o__Enterobacterales;f__Enterobacteriaceae;g__Escherichia-Shigella;s__
f7dca36dd37260c803ae8b25e034abd4,d__Bacteria;p__Firmicutes;c__Clostridia;o__Lachnospirales;f__Lachnospiraceae
ab98951517cde2405a9bdacf1e173603,d__Bacteria;p__Proteobacteria;c__Gammaproteobacteria;o__Enterobacterales
c0eb5cc76da6a0258586d046c5a8100a,d__Bacteria;p__Proteobacteria;c__Gammaproteobacteria;o__Enterobacterales
683073fe43c7e192a1f2aee3d6d7dc90,d__Bacteria;p__Proteobacteria;c__Gammaproteobacteria;o__Enterobacterales
675341622eb7b98070e05f51ed8ab725,d__Bacteria;p__Proteobacteria;c__Gammaproteobacteria;o__Enterobacterales
92bce2ebdab00b2ec19adbab4bd0171f,d__Bacteria;p__Firmicutes;c__Clostridia;o__Lachnospirales;f__Lachnospiraceae
49139ba2b6f46fa55f7b23be1506724f,d__Bacteria;p__Firmicutes;c__Clostridia;o__Oscillospirales;f__Butyricicoccaceae;g__uncultured;s__
c4dc93b3b7aa486a9321e29ff314c8ad,d__Bacteria;p__Proteobacteria;c__Gammaproteobacteria;o__Enterobacterales
c26e0408058e606bfe006f9877a9ca10,d__Bacteria;p__Proteobacteria;c__Gammaproteobacteria;o__Enterobacterales
def3d2e49864c2d129c27fe86ff6a5c8,d__Bacteria;p__Proteobacteria;c__Gammaproteobacteria;o__Enterobacterales;f__Enterobacteriaceae
641e7c25a33f86e1457f8d8e177702eb,d__Bacteria;p__Proteobacteria;c__Gammaproteobacteria;o__Enterobacterales
994391e3be117777173fd419475cdadf,d__Bacteria;p__Proteobacteria;c__Gammaproteobacteria;o__Enterobacterales;f__Enterobacteriaceae
ad628b0cf12038400ab0b1698c498c00,d__Bacteria;p__Firmicutes;c__Clostridia;o__Oscillospirales;f__UCG-010;g__UCG-010;s__
f6132231549ba57b8270441bd8466af9,d__Bacteria;p__Proteobacteria;c__Gammaproteobacteria;o__Burkholderiales
8c89be9baaa297af8727975cbaeaa63c,d__Bacteria;p__Actinobacteriota;c__Actinobacteria;o__Corynebacteriales;f__Corynebacteriaceae;g__Corynebacterium;s__
b729ed7d09eae83b62cee2f5c69fa096,d__Bacteria;p__Firmicutes;c__Negativicutes;o__Acidaminococcales;f__Acidaminococcaceae;g__Phascolarctobacterium;s__
14817a4ddcc7e056d037cbbf9d94c159,d__Bacteria;p__Planctomycetota;c__vadinHA49;o__vadinHA49;f__vadinHA49;g__vadinHA49;s__
046abd8cf9060ebb2a52be47af021960,d__Bacteria;p__Firmicutes;c__Bacilli;o__Lactobacillales
721f04bda46222973fe80267735318c9,d__Bacteria;p__Proteobacteria;c__Gammaproteobacteria;o__Enterobacterales;f__Enterobacteriaceae;g__Escherichia-Shigella;s__
085a378105e0e8e1ed4132d127f1d0b6,d__Bacteria;p__Bacteroidota;c__Bacteroidia;o__Bacteroidales;f__Rikenellaceae;g__Alistipes;s__
26808c90270c3010104f8097c122a411,d__Bacteria;p__Actinobacteriota;c__Coriobacteriia;o__Coriobacteriales
dba3d9e726a526aec160846f8d2c27a5,d__Bacteria;p__Firmicutes;c__Clostridia;o__Oscillospirales;f__Ruminococcaceae;g__Ruminococcus;s__
1854d2042c902e3af8956cd3ae72ef9d,d__Bacteria
56dd6f013251a04ab2ca7b6a27e93793,d__Bacteria;p__Proteobacteria;c__Alphaproteobacteria;o__Rhizobiales;f__Xanthobacteraceae
5fb17d36729f51fdb3de4d7d45114812,d__Bacteria;p__Synergistota;c__Synergistia;o__Synergistales;f__Synergistaceae;g__Cloacibacillus;s__
c1988ccd1fe5f5417c55ebe83a255753,d__Bacteria;p__Actinobacteriota;c__Actinobacteria;o__Micrococcales;f__Microbacteriaceae
a0ab69c138821e2b06050936ac127654,d__Bacteria;p__Actinobacteriota;c__Actinobacteria;o__Actinomycetales;f__Actinomycetaceae
2c59a83675b5b9590eacc165e7f5461a,d__Bacteria;p__Proteobacteria;c__Gammaproteobacteria;o__Burkholderiales
75bcac5a0a3015abb681f477ecea53ec,d__Bacteria;p__Firmicutes;c__Bacilli;o__Lactobacillales
25755b66d97ca453e69cb14e389080ec,d__Bacteria;p__Desulfobacterota;c__Desulfovibrionia;o__Desulfovibrionales;f__Desulfovibrionaceae;g__Bilophila;s__
0d8a3c3d04f9bcd9e1aacc435abc39d3,d__Bacteria;p__Patescibacteria;c__Saccharimonadia;o__Saccharimonadales;f__Saccharimonadales;g__Saccharimonadales;s__
02bb7d7b8565962b30655af676e346a8,d__Bacteria;p__Firmicutes;c__Negativicutes;o__Acidaminococcales;f__Acidaminococcaceae;g__Phascolarctobacterium;s__
0881c26d586f3d52d43f1091dc11ed30,d__Bacteria;p__Actinobacteriota;c__Actinobacteria;o__Micrococcales;f__Microbacteriaceae;g__Amnibacterium;s__
8c8df264fd1dec7550b78f00c79fc8a4,d__Bacteria;p__Proteobacteria;c__Alphaproteobacteria;o__Rhizobiales;f__Beijerinckiaceae;g__1174-901-12;s__
e3f9aab19150703a79a351045d608d62,d__Bacteria;p__Bacteroidota;c__Bacteroidia;o__Bacteroidales;f__Muribaculaceae;g__Muribaculaceae;s__
7aeb8ceb3a41ffbb1a96e9e18182ff29,d__Bacteria;p__Firmicutes;c__Clostridia;o__Monoglobales;f__Monoglobaceae;g__Monoglobus;s__
91e79d47d19a5dbac6f36533874f4768,d__Bacteria;p__Bacteroidota;c__Bacteroidia;o__Bacteroidales;f__Muribaculaceae;g__Muribaculaceae;s__
606c1e8def8bd5240fa066c50ce7b7bd,d__Bacteria;p__Bacteroidota;c__Bacteroidia;o__Bacteroidales;f__Bacteroidaceae;g__Bacteroides;s__
d7bf95cc9ac3e7747d5fe08faa26da80,d__Bacteria;p__Firmicutes;c__Clostridia;o__Monoglobales;f__Monoglobaceae;g__Monoglobus;s__
951e1e79a333a457da72872e84f3e135,d__Bacteria;p__Bacteroidota;c__Bacteroidia;o__Bacteroidales;f__Bacteroidaceae;g__Bacteroides;s__
885ea44d4c0f63b04568558e865dcc92,d__Bacteria;p__Firmicutes;c__Clostridia;o__Lachnospirales;f__Lachnospiraceae;g__[Eubacterium]_hallii_group;s__
31f80def92ade84670272de5be3d914a,d__Bacteria;p__Bacteroidota;c__Bacteroidia;o__Bacteroidales;f__Bacteroidaceae;g__Bacteroides;s__
6c12e5165bfe6d748edf099818fc66cd,d__Bacteria;p__Bacteroidota;c__Bacteroidia;o__Bacteroidales;f__Bacteroidaceae;g__Bacteroides;s__
fde7aab3d50218e7d9aa4963590dece7,d__Bacteria;p__Firmicutes;c__Clostridia;o__Lachnospirales;f__Lachnospiraceae;g__[Eubacterium]_hallii_group;s__
f88ecf3a8a3c1b432b7b5d4ce961d157,d__Bacteria;p__Synergistota;c__Synergistia;o__Synergistales;f__Synergistaceae;g__uncultured;s__
20c7f47a7001da2c96a7ded88357c027,d__Bacteria;p__Bacteroidota;c__Bacteroidia;o__Bacteroidales;f__Bacteroidaceae;g__Bacteroides;s__
d168156111817b5c0b7c8067ba79f3b2,d__Bacteria;p__Cyanobacteria;c__Cyanobacteriia;o__Chloroplast;f__Chloroplast;g__Chloroplast;s__
5c7edd2b4dc9eb018a5cab2313866bc8,d__Bacteria;p__Bacteroidota;c__Bacteroidia;o__Bacteroidales;f__Muribaculaceae;g__Muribaculaceae;s__
e0dcf8dd11e44d87ed0a82764502a6fe,d__Bacteria;p__Proteobacteria;c__Gammaproteobacteria;o__Burkholderiales;f__Sutterellaceae;g__Parasutterella;s__
247c3125f09cc98540b01b6b84637c78,d__Bacteria;p__Proteobacteria;c__Gammaproteobacteria;o__Enterobacterales;f__Enterobacteriaceae;g__Escherichia-Shigella;s__
3454f5889de942fa889d23e59a63391a,d__Bacteria;p__Firmicutes;c__Clostridia;o__Lachnospirales;f__Lachnospiraceae;g__[Eubacterium]_hallii_group;s__
01454b4c020ecd8e5a80eef03ce2492b,d__Bacteria;p__Bacteroidota;c__Bacteroidia;o__Bacteroidales;f__Bacteroidaceae;g__Bacteroides;s__
5c29132509b2cd8e01897af582384499,d__Bacteria;p__Proteobacteria;c__Gammaproteobacteria;o__Enterobacterales;f__Pasteurellaceae
245f55c36356abd1ae96a7cc1d1b7a6d,d__Bacteria;p__Firmicutes;c__Clostridia;o__Oscillospirales;f__[Eubacterium]_coprostanoligenes_group;g__[Eubacterium]_coprostanoligenes_group;s__
48dcfc87893cb623c08a9f38ab6c0b06,d__Bacteria;p__Firmicutes;c__Bacilli;o__Lactobacillales;f__Streptococcaceae;g__Streptococcus;s__
8617fcd8bb4b508d28c54259979bde26,d__Bacteria;p__Synergistota;c__Synergistia;o__Synergistales;f__Synergistaceae;g__Cloacibacillus;s__
7129a0c491daef1eac0721bfd1500044,d__Bacteria;p__Actinobacteriota;c__Coriobacteriia;o__Coriobacteriales;f__uncultured;g__uncultured;s__
446c6eaf0a8a45e27785c9c565160d35,d__Bacteria;p__Firmicutes;c__Clostridia;o__Lachnospirales;f__Lachnospiraceae;g__Lachnospiraceae_UCG-010;s__
e5fbc487571abc9b69f449290f8dce78,d__Bacteria;p__Firmicutes;c__Clostridia;o__Oscillospirales;f__Oscillospiraceae;g__Intestinimonas;s__
19405395ff0b46eb1ac075b877954331,d__Bacteria;p__Bacteroidota;c__Bacteroidia;o__Bacteroidales
1d8c1350c3794b3322a1ce50a2c7b4da,d__Bacteria;p__Synergistota;c__Synergistia;o__Synergistales;f__Synergistaceae;g__Cloacibacillus;s__
fd55552e0a09ff3f5916567c65761e9a,d__Bacteria;p__Planctomycetota;c__vadinHA49;o__vadinHA49;f__vadinHA49;g__vadinHA49;s__
fcdb679bd62404875d08c9a02af4021b,d__Bacteria;p__Firmicutes;c__Clostridia;o__Lachnospirales;f__Lachnospiraceae;g__Lachnospiraceae_UCG-010;s__
afddd33495f60a75624acfdf546f852c,d__Bacteria;p__Proteobacteria;c__Gammaproteobacteria;o__Burkholderiales;f__Sutterellaceae;g__Parasutterella;s__
98526352c15381bed8669cd4f4109bf8,d__Bacteria;p__Proteobacteria;c__Gammaproteobacteria;o__Enterobacterales;f__Enterobacteriaceae
3277a38b682e363372b7cedbe9f4e653,d__Bacteria;p__Bacteroidota;c__Bacteroidia;o__Bacteroidales;f__Bacteroidaceae;g__Bacteroides;s__
c7eb2ca45792a66fe6a523f4f8c72d7c,d__Bacteria;p__Firmicutes;c__Clostridia;o__Lachnospirales;f__Lachnospiraceae;g__Catenibacillus;s__
89f59c9cf2073e2883b3f36bd4ad006c,d__Bacteria;p__Desulfobacterota;c__Desulfovibrionia;o__Desulfovibrionales;f__Desulfovibrionaceae
f911f52d9259118d170f7f744cb0d9db,d__Bacteria;p__Planctomycetota;c__vadinHA49;o__vadinHA49;f__vadinHA49;g__vadinHA49;s__
38c5512e257cc7a2964c5effa3a7f861,d__Bacteria;p__Firmicutes;c__Clostridia;o__Oscillospirales;f__Oscillospiraceae;g__Colidextribacter;s__
06a7cbfdb306701f6846a76865620dff,d__Bacteria;p__Proteobacteria;c__Gammaproteobacteria;o__Burkholderiales
bca086dc2ab13e093d5f4dfad754d38d,d__Bacteria;p__Firmicutes;c__Clostridia;o__Oscillospirales;f__[Clostridium]_methylpentosum_group;g__[Clostridium]_methylpentosum_group;s__
689f2894315885a6e66506aee2bb7935,d__Bacteria;p__Actinobacteriota;c__Coriobacteriia;o__Coriobacteriales
209908c17c30a871eb22dd19c2ec044e,d__Bacteria;p__Firmicutes;c__Clostridia;o__Lachnospirales;f__Lachnospiraceae
266057abe6a69ce2ae06d55e548456d1,d__Bacteria;p__Firmicutes;c__Clostridia;o__Oscillospirales;f__Oscillospiraceae;g__Intestinimonas;s__
8d930cb4af08a3d843ef496345f2be97,d__Bacteria;p__Bacteroidota;c__Bacteroidia;o__Bacteroidales
abc8156aecaa2a6db20d89c7d71e927d,d__Bacteria;p__Firmicutes;c__Clostridia;o__Oscillospirales;f__Ruminococcaceae;g__Ruminococcus;s__
dc114790ff273e5dc621f54f531a1559,d__Bacteria;p__Firmicutes;c__Clostridia;o__Lachnospirales;f__Lachnospiraceae;g__Tyzzerella;s__
9da6bade4f0938f5f77a1e8c3ee73a34,d__Bacteria;p__Bacteroidota;c__Bacteroidia;o__Bacteroidales
7f6a848daa2d5ee3aea8a0ee604a5c0b,d__Bacteria;p__Firmicutes;c__Clostridia;o__Lachnospirales;f__Lachnospiraceae
11aceb06ae6ae194aa849744fed9cb51,d__Bacteria;p__Firmicutes;c__Clostridia;o__Lachnospirales;f__Lachnospiraceae;g__Tyzzerella;s__
381c702d16e0da67981220898eeaf75f,d__Bacteria;p__Firmicutes;c__Clostridia;o__Oscillospirales;f__Ruminococcaceae;g__Ruminococcus;s__
e3d6bfac8eaaa71945b7c164bc26a725,d__Bacteria;p__Firmicutes;c__Clostridia;o__Lachnospirales;f__Lachnospiraceae
ffd762b566b4ab1d18eccdf1510f0966,d__Bacteria;p__Planctomycetota;c__vadinHA49;o__vadinHA49;f__vadinHA49;g__vadinHA49;s__
06810e86b4aa398fbf773ba4e5bc5906,d__Bacteria;p__Firmicutes;c__Clostridia;o__Lachnospirales;f__Lachnospiraceae
ddd8e45d94a69a8966501c6751442f28,d__Bacteria;p__Firmicutes;c__Clostridia;o__Oscillospirales;f__Oscillospiraceae
a525b60fb1e0a381010188c751b3faa3,d__Bacteria;p__Firmicutes;c__Clostridia;o__Lachnospirales;f__Lachnospiraceae;g__Lachnospiraceae_UCG-010;s__
f29978f9570d3ae7d6d8253df91ff547,d__Bacteria;p__Bacteroidota;c__Bacteroidia;o__Bacteroidales;f__Tannerellaceae;g__Tannerella;s__
71c9e9d321c57138def0af49ce5e2b58,d__Bacteria;p__Firmicutes;c__Clostridia;o__Lachnospirales;f__Lachnospiraceae
899a8fbc76fbf2275f7efc4c9d832b26,d__Bacteria;p__Firmicutes;c__Clostridia;o__Lachnospirales;f__Lachnospiraceae
595dc6c3bf19ad807dcfa2075de70080,d__Bacteria;p__Firmicutes;c__Clostridia;o__Lachnospirales;f__Lachnospiraceae
4c541aab7706b1eefef34cf45b42fdbe,d__Bacteria;p__Firmicutes;c__Clostridia;o__Lachnospirales;f__Lachnospiraceae
566fcfd60d946fb2110371fc2928d354,d__Bacteria;p__Firmicutes;c__Clostridia;o__Lachnospirales;f__Lachnospiraceae
d6680eda88bd383f592ea97593003d7b,d__Bacteria;p__Firmicutes;c__Clostridia;o__Lachnospirales;f__Lachnospiraceae
3e9e738d3c34de20cb82a1c9ccb6f2e7,d__Bacteria;p__Firmicutes;c__Clostridia;o__Oscillospirales;f__Oscillospiraceae
837dbcf65d872093300e9787583aa8ad,d__Bacteria;p__Firmicutes;c__Clostridia
272f1eac81fe6fc6bfaf61bde3b13f86,d__Bacteria;p__Firmicutes;c__Clostridia;o__Lachnospirales;f__Lachnospiraceae
03776502178e2c01c3dabc23f00cee33,d__Bacteria;p__Firmicutes;c__Clostridia;o__Lachnospirales;f__Lachnospiraceae
53cba4a60f2e01172f0ae86e02f3fce0,d__Bacteria;p__Actinobacteriota;c__Coriobacteriia;o__Coriobacteriales;f__Coriobacteriales_Incertae_Sedis;g__Raoultibacter;s__
5ea4f0392645dce372556e4ce7362b03,d__Bacteria;p__Firmicutes;c__Clostridia;o__Lachnospirales;f__Lachnospiraceae
5c0adfaf57a72a532336aa54e37d1cdc,d__Bacteria;p__Firmicutes;c__Clostridia;o__Oscillospirales;f__Oscillospiraceae;g__NK4A214_group;s__
ab08dfee35b4e7312a1b814b30dee59e,d__Bacteria;p__Bacteroidota;c__Bacteroidia;o__Bacteroidales
5f363d41a6ed86093cf5a15c9910b19d,d__Bacteria;p__Firmicutes;c__Clostridia;o__Lachnospirales;f__Lachnospiraceae;g__Tyzzerella;s__
6e6c20d09a9ac85a75c5637ea009d4c2,d__Bacteria;p__Firmicutes;c__Clostridia;o__Oscillospirales;f__Ruminococcaceae;g__Ruminococcus;s__
c6c413c90460ee74d56a3e91142a9dfd,d__Bacteria;p__Firmicutes;c__Clostridia;o__Oscillospirales;f__Oscillospiraceae
a9dab947000775ffcbda66b561fdccd7,d__Bacteria;p__Firmicutes;c__Clostridia;o__Oscillospirales;f__Oscillospiraceae
7d64e0b8c625e640618ada637988ed62,d__Bacteria;p__Firmicutes;c__Clostridia;o__Lachnospirales;f__Lachnospiraceae
89357a2be23e2e9b80707b7983f82576,d__Bacteria;p__Firmicutes;c__Clostridia;o__Lachnospirales;f__Lachnospiraceae
6facc49d4b9acf19ad7c19f7656fabe4,d__Bacteria;p__Firmicutes;c__Clostridia;o__Lachnospirales;f__Lachnospiraceae
220c869868d38e19f5eb80ba1a73285f,d__Bacteria;p__Firmicutes;c__Clostridia;o__Lachnospirales;f__Lachnospiraceae
ed440a4d602a6cb94b8d4e38ce0ea2b7,d__Bacteria;p__Firmicutes;c__Clostridia;o__Lachnospirales;f__Lachnospiraceae
c1cd0c3c005c361142c6db3466e962e8,d__Bacteria;p__Firmicutes;c__Clostridia;o__Monoglobales;f__Monoglobaceae;g__Monoglobus;s__
f27c4b4bd85731cd7c25e14168fd43a7,d__Bacteria;p__Firmicutes;c__Clostridia;o__Lachnospirales;f__Lachnospiraceae;g__Lachnospiraceae_UCG-010;s__
79779cdc92ec029aa14fb9bd7db01156,d__Bacteria;p__Firmicutes;c__Clostridia;o__Lachnospirales;f__Lachnospiraceae
845fbf890bf81fcf8beb8acf6853c3a2,d__Bacteria;p__Firmicutes;c__Clostridia;o__Lachnospirales;f__Lachnospiraceae
8122eb818754201979a63d3923823626,d__Bacteria;p__Firmicutes;c__Clostridia;o__Lachnospirales;f__Lachnospiraceae
f3c39e094690b94ea0320f136329cf66,d__Bacteria;p__Firmicutes;c__Clostridia;o__Lachnospirales;f__Lachnospiraceae
7942093ed2f6f6bdf9e0cb1d98208015,d__Bacteria;p__Firmicutes;c__Clostridia;o__Lachnospirales;f__Lachnospiraceae
da1b8c978de31217a07478f7b37e6d10,d__Bacteria;p__Firmicutes;c__Clostridia;o__Oscillospirales;f__Oscillospiraceae
af09dcb9551c157f4da55f6aad533ab3,d__Bacteria;p__Firmicutes;c__Syntrophomonadia;o__Syntrophomonadales;f__Syntrophomonadaceae
876616f246ca0695fe0c979778683c55,d__Bacteria;p__Firmicutes;c__Clostridia;o__Lachnospirales;f__Lachnospiraceae
b296dbca5bd1439751ad483b30351753,d__Bacteria;p__Firmicutes;c__Bacilli;o__Erysipelotrichales;f__Erysipelatoclostridiaceae
cf87580f7bad17f7050c07d0574d891d,d__Bacteria;p__Firmicutes;c__Clostridia;o__Lachnospirales;f__Lachnospiraceae
97bee3cbc3ce932e7f4813c6ef89440c,d__Bacteria;p__Firmicutes;c__Clostridia;o__Oscillospirales;f__Ruminococcaceae;g__Incertae_Sedis;s__
b3bf856da019a52bbb81c762a7237c81,d__Bacteria;p__Firmicutes;c__Clostridia;o__Lachnospirales;f__Lachnospiraceae
99ee9f42391ded49565231fbfcbc4ff0,d__Bacteria;p__Firmicutes;c__Clostridia
783d9d643c64f01c8d851dd4dca800ad,d__Bacteria;p__Firmicutes;c__Clostridia
aff3fbb19cd255ce9912be50ca2be76d,d__Bacteria;p__Firmicutes;c__Clostridia;o__Oscillospirales;f__Oscillospiraceae
a0fb4da351e782b85b403c76177091a4,d__Bacteria;p__Firmicutes;c__Clostridia;o__Lachnospirales;f__Lachnospiraceae
02dba8224da22fa2800dc9310f5ddde0,d__Bacteria;p__Firmicutes;c__Clostridia;o__Lachnospirales;f__Lachnospiraceae
408a27053fdbd9141121ae1f206701c0,d__Bacteria;p__Firmicutes;c__Clostridia;o__Oscillospirales;f__[Eubacterium]_coprostanoligenes_group;g__[Eubacterium]_coprostanoligenes_group;s__
4b6f175137882c4f363e5b42f0227301,d__Bacteria;p__Proteobacteria;c__Gammaproteobacteria;o__Burkholderiales;f__Oxalobacteraceae;g__Oxalobacter;s__
37682a7904af30ddcf061c7cf24b2abb,d__Bacteria;p__Firmicutes;c__Clostridia;o__Lachnospirales;f__Lachnospiraceae
103fa7a79c8da89fcc372f445191ceb3,d__Bacteria;p__Firmicutes;c__Clostridia;o__Lachnospirales;f__Lachnospiraceae
19519411dc73fcec9ca0b96e10abd1a6,d__Bacteria;p__Firmicutes;c__Clostridia;o__Lachnospirales;f__Lachnospiraceae
62c859dafb8a27078db430975c798d75,d__Bacteria;p__Firmicutes;c__Clostridia;o__Lachnospirales;f__Lachnospiraceae
b2efe785cea42a2f83b410bec1977e42,d__Bacteria;p__Firmicutes;c__Clostridia;o__Oscillospirales;f__Oscillospiraceae
c088c18e7a3203bd7e3a1539e4c1d265,d__Bacteria;p__Desulfobacterota;c__Desulfovibrionia;o__Desulfovibrionales;f__Desulfovibrionaceae;g__Desulfovibrio;s__
36b3383b411d78235f2ab9c9209ec24a,d__Bacteria;p__Proteobacteria;c__Gammaproteobacteria;o__Burkholderiales;f__Oxalobacteraceae;g__Oxalobacter;s__
9c037d08729dc9a9be8a556bdd3ce0aa,d__Bacteria;p__Bacteroidota;c__Bacteroidia;o__Bacteroidales;f__Bacteroidaceae;g__Bacteroides;s__
c1c8d8f21091577df3df1a858d44d093,d__Bacteria;p__Firmicutes;c__Clostridia;o__Lachnospirales;f__Lachnospiraceae
9962cc0cf729664260a8f15d55c5631f,d__Bacteria;p__Firmicutes;c__Clostridia;o__Oscillospirales;f__Oscillospiraceae;g__Papillibacter;s__
fc487ad9702efeaaa070e6ca3d447d0b,d__Bacteria;p__Bacteroidota;c__Bacteroidia;o__Bacteroidales
7741a7b3f0208b5ccd72e78f1aee4da6,d__Bacteria;p__Firmicutes;c__Clostridia;o__Lachnospirales;f__Lachnospiraceae
c6a8bfdb0183c774f49140810d5fe04d,d__Bacteria;p__Actinobacteriota;c__Coriobacteriia;o__Coriobacteriales;f__Coriobacteriales_Incertae_Sedis;g__Raoultibacter;s__
c4d3df18d41dbaba9ff80d08ba0ee908,d__Bacteria;p__Firmicutes;c__Clostridia;o__Lachnospirales;f__Lachnospiraceae
d58e2599c0d89bd7913eb34da8b2fdba,d__Bacteria;p__Firmicutes;c__Clostridia;o__Oscillospirales;f__Oscillospiraceae
3d339de07ea28560ba05baa53ff3c240,d__Bacteria;p__Actinobacteriota;c__Coriobacteriia;o__Coriobacteriales;f__Coriobacteriales_Incertae_Sedis;g__Raoultibacter;s__
0cb93fda6990c1f2e783043ddd369295,d__Bacteria;p__Firmicutes;c__Clostridia;o__Lachnospirales;f__Lachnospiraceae;g__Lachnospiraceae_UCG-010;s__
d894e1b500167b0af70e6cd91cab56e8,d__Bacteria;p__Firmicutes;c__Clostridia;o__Lachnospirales;f__Lachnospiraceae
86499a87ecc2be8f241897c0ba0ceea8,d__Bacteria;p__Rs-K70_termite_group;c__Rs-K70_termite_group;o__Rs-K70_termite_group;f__Rs-K70_termite_group;g__Rs-K70_termite_group;s__
0b2318ec6fa9b1e3d33d80a0f7210d31,d__Bacteria;p__Desulfobacterota;c__Desulfovibrionia;o__Desulfovibrionales;f__Desulfovibrionaceae;g__Desulfovibrio;s__
a75e864cfe1ddf0cf9ac47cca77ff711,d__Bacteria;p__Firmicutes;c__Clostridia;o__Lachnospirales;f__Lachnospiraceae
935045bc9447b84e1948d1b9c696280b,d__Bacteria;p__Firmicutes;c__Clostridia;o__Peptostreptococcales-Tissierellales;f__Anaerovoracaceae;g__[Eubacterium]_brachy_group;s__
15e4f6ab289460b9c6d9dd5cce45477f,d__Bacteria;p__Bacteroidota;c__Bacteroidia;o__Bacteroidales
0a18858ed42baa25e608b87f0070899d,d__Bacteria;p__Bacteroidota;c__Bacteroidia;o__Bacteroidales
cf9f716595e8777c7a34ed5f9fb288f6,d__Bacteria;p__Bacteroidota;c__Bacteroidia;o__Bacteroidales;f__Bacteroidaceae;g__Bacteroides;s__
d577f2bf5daaafc3929d544128b58610,d__Bacteria;p__Bacteroidota;c__Bacteroidia;o__Bacteroidales
f5920e0ff1a1cd60ecd65245ab5ff7dc,d__Bacteria;p__Firmicutes;c__Clostridia;o__Oscillospirales;f__Ruminococcaceae;g__Ruminococcus;s__
2d6a7f4e704741b007effd30b156b376,d__Bacteria;p__Firmicutes;c__Clostridia;o__Lachnospirales;f__Lachnospiraceae;g__Blautia;s__
ec4c0e8f4d66dfddf605dd23c5b07e3e,d__Bacteria;p__Firmicutes;c__Clostridia;o__Oscillospirales;f__Ruminococcaceae;g__Incertae_Sedis;s__
956dd70559338b0fff3f66fdcf3a028d,d__Bacteria;p__Firmicutes;c__Clostridia;o__Oscillospirales;f__Ruminococcaceae;g__Ruminococcus;s__
6f0b173867139a1592a5ae938148d294,d__Bacteria;p__Firmicutes;c__Clostridia;o__Oscillospirales;f__Ruminococcaceae;g__Ruminococcus;s__
4c9885c68c3e0d4891517c3acd46f500,d__Bacteria;p__Firmicutes;c__Clostridia;o__Lachnospirales;f__Lachnospiraceae
a04af4e8c9273bb66b7bde76a5366d60,d__Bacteria;p__Firmicutes;c__Clostridia;o__Lachnospirales;f__Lachnospiraceae
2b8d6fff6c66146cff4695a4ddd9536e,d__Bacteria;p__Firmicutes;c__Clostridia;o__Oscillospirales;f__Ruminococcaceae;g__Incertae_Sedis;s__
efba221d3c5e28d986f57072653c782e,d__Bacteria;p__Bacteroidota;c__Bacteroidia;o__Bacteroidales
60c871f793f67c89bf560bc2e6bac555,d__Bacteria;p__Firmicutes;c__Clostridia;o__Lachnospirales;f__Lachnospiraceae
b955b44c77a1b88cc63e4cfaf4ffcc2f,d__Bacteria;p__Desulfobacterota;c__Desulfovibrionia;o__Desulfovibrionales;f__Desulfovibrionaceae
ad2ae19a019051f8de42c73741a243d0,d__Bacteria;p__Firmicutes;c__Clostridia;o__Lachnospirales;f__Lachnospiraceae
2cde5760e083b3fe13e0aa0bcaa8f3c0,d__Bacteria;p__Synergistota;c__Synergistia;o__Synergistales;f__Synergistaceae;g__Cloacibacillus;s__
4005ee54a7fb466bcdfab638a9ee5021,d__Bacteria;p__Bacteroidota;c__Bacteroidia;o__Bacteroidales;f__Rikenellaceae;g__Alistipes;s__
ec8490e3082eadad08adbde753fa8d43,d__Bacteria;p__Desulfobacterota;c__Desulfovibrionia;o__Desulfovibrionales;f__Desulfovibrionaceae
6f8f77fd28eeb865f258389c703f1013,d__Bacteria;p__Firmicutes;c__Clostridia;o__Lachnospirales;f__Lachnospiraceae
ae2f7917a73d820e850fbbcdb7984b9c,d__Bacteria;p__Desulfobacterota;c__Desulfovibrionia;o__Desulfovibrionales;f__Desulfovibrionaceae;g__Desulfovibrio;s__
9b4425f42d4ae74055c6addf2126ebae,d__Bacteria;p__Firmicutes;c__Clostridia;o__Lachnospirales;f__Lachnospiraceae
ff8e363f6eff81712a3ced2e738a167c,d__Bacteria;p__Desulfobacterota;c__Desulfobacteria;o__Desulfobacterales;f__uncultured;g__uncultured;s__
92160c4e1ff20c49407f34df6aa0a863,d__Bacteria;p__Firmicutes;c__Bacilli;o__Lactobacillales
858a3876fe25cc2164df19eb044f3c70,d__Bacteria;p__Proteobacteria;c__Gammaproteobacteria;o__Burkholderiales
7ea6d8f728dd1207f1b190598e245268,d__Bacteria;p__Firmicutes;c__Clostridia;o__Lachnospirales;f__Lachnospiraceae
96d5393afe798304fd54927d7f286ffb,d__Bacteria;p__Firmicutes;c__Clostridia;o__Lachnospirales;f__Lachnospiraceae
444e729f3c6536a98d5a77424edfc251,d__Bacteria;p__Firmicutes;c__Clostridia;o__Lachnospirales;f__Lachnospiraceae
ac56302e82a640f5a0950991ffc980c3,d__Bacteria;p__Proteobacteria;c__Gammaproteobacteria;o__Burkholderiales;f__Oxalobacteraceae;g__Oxalobacter;s__
3e199bee63ce59108b767d188a3d29dd,d__Bacteria;p__Bacteroidota;c__Bacteroidia;o__Bacteroidales;f__Bacteroidaceae;g__Bacteroides;s__
7d0fc3cc1eeb24173b5204e805fe7cfd,d__Bacteria;p__Bacteroidota;c__Bacteroidia;o__Bacteroidales;f__Bacteroidaceae;g__Bacteroides;s__
8e9791386e631782085310b0efff77f8,d__Bacteria;p__Desulfobacterota;c__Desulfovibrionia;o__Desulfovibrionales;f__Desulfovibrionaceae
b21bad0e5df5ad3f96bc1a4c2049a2e2,d__Bacteria;p__Firmicutes;c__Clostridia;o__Lachnospirales;f__Lachnospiraceae;g__Tyzzerella;s__
96119479519b69c412e2d3552623d8bd,d__Bacteria;p__Firmicutes;c__Clostridia;o__Lachnospirales;f__Lachnospiraceae
7f3e36c574606ee426fb060d2ed76c13,d__Bacteria;p__Firmicutes;c__Clostridia;o__Oscillospirales;f__Oscillospiraceae
73615232087e3208e2a9ea8f0f59e982,d__Bacteria;p__Firmicutes;c__Clostridia;o__Lachnospirales;f__Lachnospiraceae
6fc009a8f9cf1f33e14eee035143db77,d__Bacteria;p__Firmicutes;c__Clostridia;o__Oscillospirales;f__[Clostridium]_methylpentosum_group;g__[Clostridium]_methylpentosum_group;s__
cfa68e81365b17eb57e4c173b1b6e015,d__Bacteria;p__Firmicutes;c__Clostridia;o__Oscillospirales;f__[Clostridium]_methylpentosum_group;g__[Clostridium]_methylpentosum_group;s__
43aeafb49696f08c5f02f5ae5eb3003e,d__Bacteria;p__Firmicutes;c__Clostridia;o__Oscillospirales;f__Oscillospiraceae;g__NK4A214_group;s__
44fb40f1f37004d1f22b9eaf417b8648,d__Bacteria;p__Firmicutes;c__Clostridia;o__Oscillospirales;f__[Clostridium]_methylpentosum_group;g__[Clostridium]_methylpentosum_group;s__
50e6aa2204447c04c6c6af59faa35aa5,d__Bacteria;p__Firmicutes;c__Clostridia;o__Oscillospirales;f__Oscillospiraceae;g__NK4A214_group;s__
628ed99f0a9f39012e75a4cd25799f41,d__Bacteria;p__Bacteroidota;c__Bacteroidia;o__Bacteroidales;f__Prevotellaceae
9b0e779f0530ad82776100a20d4b376e,d__Bacteria;p__Proteobacteria;c__Gammaproteobacteria;o__Burkholderiales
02ec804fa7b5c6b98e146bdb7381e1fc,d__Bacteria;p__Firmicutes;c__Clostridia;o__Oscillospirales;f__Oscillospiraceae
b2664764842656c1748053521989e76b,d__Bacteria;p__Bacteroidota;c__Bacteroidia;o__Bacteroidales;f__Bacteroidaceae;g__Bacteroides;s__
b4e5ca75b8008fd1370c459b857d61df,d__Bacteria;p__Firmicutes;c__Clostridia;o__Oscillospirales;f__Ruminococcaceae;g__Candidatus_Soleaferrea;s__
9442294cc09ab3ad8fa28184932902a9,d__Bacteria;p__Planctomycetota;c__vadinHA49;o__vadinHA49;f__vadinHA49;g__vadinHA49;s__
ee2c4a839c1e092b948aa44a032b9242,d__Bacteria;p__Firmicutes;c__Clostridia;o__Lachnospirales;f__Lachnospiraceae
f28cbaafc67758dba09e2ee8a71a4536,d__Bacteria;p__Firmicutes;c__Bacilli;o__Lactobacillales
40ec970c0bece424c4defcd485cd7458,d__Bacteria;p__Firmicutes;c__Clostridia;o__Lachnospirales;f__Lachnospiraceae
b53c45cdbc413e0386231c4b28536d50,d__Bacteria;p__Planctomycetota;c__vadinHA49;o__vadinHA49;f__vadinHA49;g__vadinHA49;s__
f0cb41bb5ae42ffb640bbc85f7e8d244,d__Archaea
6a8a3339843a855e99065703876c401c,d__Bacteria;p__Desulfobacterota;c__Desulfovibrionia;o__Desulfovibrionales;f__Desulfovibrionaceae;g__Desulfovibrio;s__
0f0cd220bb8a3fe181668833a7fa758d,d__Bacteria;p__Bacteroidota;c__Bacteroidia;o__Bacteroidales;f__Rikenellaceae;g__Alistipes;s__
959cfa87853058ff1504e03a8d616916,d__Bacteria
83fdc045e27a5e274e2c8a2b770f70b4,d__Bacteria;p__Desulfobacterota;c__Desulfovibrionia;o__Desulfovibrionales;f__Desulfovibrionaceae;g__Desulfovibrio;s__
8723fa44b192f26639e2d22eadcf3a04,Unassigned
d991ad988867956f3269374b1e703359,Unassigned
004720054ad6bd54a301272cbd47eabd,d__Bacteria;p__Bacteroidota;c__Bacteroidia;o__Bacteroidales;f__Rikenellaceae;g__Alistipes;s__
db6a91058bbb37f9a5c4961fc8d3bbb9,d__Bacteria;p__Firmicutes;c__Clostridia;o__Lachnospirales;f__Lachnospiraceae
8d54ce78629855a0ddf1530c2a6642aa,d__Bacteria;p__Firmicutes;c__Clostridia;o__Oscillospirales;f__Ruminococcaceae;g__Candidatus_Soleaferrea;s__
aade3e475d225453da04997c377e9807,d__Bacteria;p__Firmicutes;c__Clostridia;o__Oscillospirales;f__Oscillospiraceae
264b79c3b4b65bda4b5b6c7c0af71625,d__Bacteria;p__Firmicutes;c__Bacilli;o__Lactobacillales
3b8a77d3a67d47b1334e93a7ada39035,d__Bacteria;p__Firmicutes;c__Clostridia;o__Monoglobales;f__Monoglobaceae;g__Monoglobus;s__
df1d26f7952e39b4d02406846ebea860,d__Bacteria;p__Firmicutes;c__Clostridia;o__Oscillospirales;f__[Eubacterium]_coprostanoligenes_group;g__[Eubacterium]_coprostanoligenes_group;s__
b5ce6064736041835d74d6b27b0ecb98,d__Bacteria;p__Firmicutes;c__Clostridia;o__Monoglobales;f__Monoglobaceae;g__Monoglobus;s__
c508f087b12afd718bc38bc215c7993f,d__Bacteria;p__Firmicutes;c__Clostridia;o__Oscillospirales;f__[Eubacterium]_coprostanoligenes_group;g__[Eubacterium]_coprostanoligenes_group;s__
caee19698c20adc4141eae62858c216d,d__Bacteria;p__Firmicutes;c__Clostridia;o__Peptostreptococcales-Tissierellales;f__Family_XI;g__Peptoniphilus;s__
d00b1a36eb0196cabaa8d1e2a6aa12bb,d__Bacteria;p__Firmicutes;c__Clostridia;o__Oscillospirales;f__[Eubacterium]_coprostanoligenes_group;g__[Eubacterium]_coprostanoligenes_group;s__
e1514fabd13c2b732bf78ac2a082db82,d__Bacteria;p__Firmicutes;c__Clostridia;o__Monoglobales;f__Monoglobaceae;g__Monoglobus;s__
957901262ac2dd6d5b4974a6d774f685,d__Bacteria;p__Proteobacteria;c__Gammaproteobacteria;o__Enterobacterales;f__Enterobacteriaceae
ae995b42793c8400ae6802432f7528ed,d__Bacteria;p__Firmicutes;c__Clostridia;o__Lachnospirales;f__Lachnospiraceae
a369f1e44a1a3f49e34921d5a4ee2184,d__Bacteria;p__Firmicutes;c__Clostridia;o__Lachnospirales;f__Lachnospiraceae
acfe69ec660f5044a5857018d2a9975e,d__Bacteria;p__Actinobacteriota;c__Coriobacteriia;o__Coriobacteriales
b2176889ed31a8f272686f62c58227d4,d__Bacteria;p__Firmicutes;c__Clostridia;o__Lachnospirales;f__Lachnospiraceae
14e2a30b0fb11689dbf1ae8068698c9f,d__Bacteria;p__Bacteroidota;c__Bacteroidia;o__Bacteroidales;f__Bacteroidaceae;g__Bacteroides;s__
969f9e08f66f32dadce5f85a7b32af6f,d__Bacteria;p__Bacteroidota;c__Bacteroidia;o__Bacteroidales;f__Bacteroidaceae;g__Bacteroides;s__
3c79e5b89015e7aedbead46c439e610f,d__Bacteria;p__Firmicutes;c__Clostridia;o__Oscillospirales;f__Ruminococcaceae
4aa26953fb7d1857c38a5c873708940c,d__Bacteria;p__Firmicutes;c__Clostridia;o__Lachnospirales;f__Lachnospiraceae;g__Tyzzerella;s__
829591eca1299803e9e0e62d8bbdf936,d__Bacteria;p__Bacteroidota;c__Bacteroidia;o__Bacteroidales
e4edaa8a6e20c88883356760e895f037,d__Bacteria;p__Firmicutes;c__Clostridia;o__Oscillospirales;f__Oscillospiraceae;g__Colidextribacter;s__
8fd37443236ea3aad4b5d9a852b0cb6c,d__Bacteria;p__Firmicutes;c__Clostridia;o__Oscillospirales;f__Ruminococcaceae
620b3abbbfb294f245b6d45ae08e28e1,d__Bacteria;p__Firmicutes;c__Clostridia;o__Lachnospirales;f__Lachnospiraceae;g__Tyzzerella;s__
cee23c3a1aeb86b676f95f2dacbc2772,d__Bacteria;p__Planctomycetota;c__vadinHA49;o__vadinHA49;f__vadinHA49;g__vadinHA49;s__
2c36d9d81d9b3848cb3eff3edc1afc25,d__Bacteria;p__Firmicutes;c__Bacilli;o__Lactobacillales;f__Aerococcaceae
548cbabb8d25c3aa95dcef249fd070ee,d__Bacteria;p__Firmicutes;c__Clostridia;o__Oscillospirales;f__Oscillospiraceae;g__NK4A214_group;s__
3bb8acb6b1a1695f966c339f3c1ee451,d__Bacteria;p__Firmicutes;c__Clostridia;o__Oscillospirales;f__Ruminococcaceae
497188cc1bd848c6493789eef998d1a9,d__Bacteria;p__Firmicutes;c__Clostridia;o__Oscillospirales;f__Ruminococcaceae
c5c3ffcf875a7f10c3eeaffd8f03a353,d__Bacteria;p__Firmicutes;c__Clostridia;o__Oscillospirales;f__UCG-010;g__UCG-010;s__
826325acec7264571c537515eebc76a8,Unassigned
0736851aa738980bb4008ca84bbd39d9,d__Bacteria;p__Bacteroidota;c__Bacteroidia;o__Bacteroidales
c2ed77165a3a03d585a5c16c15613d2d,d__Bacteria;p__Bacteroidota;c__Bacteroidia;o__Bacteroidales
f353bbe30d3da223fb8f573edad63927,d__Bacteria;p__Firmicutes;c__Clostridia;o__Lachnospirales;f__Lachnospiraceae
5fc406e57a35e097b258ec1e2e8e24c8,d__Bacteria;p__Bacteroidota;c__Bacteroidia;o__Bacteroidales;f__Tannerellaceae;g__Tannerella;s__
e7153d7a55b4d893eb2ce01c865bb69d,d__Bacteria;p__Proteobacteria;c__Alphaproteobacteria;o__Rhizobiales;f__Beijerinckiaceae;g__1174-901-12;s__
47f885b0157e4626afa26095a7904f32,Unassigned
0bb6a861adf52d20920148d7a45ef1b1,d__Bacteria;p__Bacteroidota;c__Bacteroidia;o__Bacteroidales
94388daa8bb15087e09410a70aae54db,d__Bacteria;p__Synergistota;c__Synergistia;o__Synergistales;f__Synergistaceae;g__uncultured;s__
9600f50f2e2605b6cd9b8aab5d6247c2,d__Bacteria;p__Firmicutes;c__Clostridia;o__Lachnospirales;f__Lachnospiraceae
5154ebc5b3acec62612bc5dfae4ea87c,d__Bacteria;p__Firmicutes;c__Clostridia;o__Oscillospirales;f__Oscillospiraceae;g__NK4A214_group;s__
3b18a2ada02d672787b5b804f7fab92a,d__Bacteria;p__Firmicutes;c__Clostridia;o__Lachnospirales;f__Lachnospiraceae
90ee14c3ac989ba328bb3f74548e5986,d__Bacteria;p__Synergistota;c__Synergistia;o__Synergistales;f__Synergistaceae;g__Cloacibacillus;s__
2d7062e142c64080741f7e866b1ac4fa,d__Bacteria;p__Firmicutes;c__Clostridia;o__Oscillospirales;f__Oscillospiraceae;g__Colidextribacter;s__
58adbccc2fbcd92e92a92638ce5b6570,d__Bacteria;p__Synergistota;c__Synergistia;o__Synergistales;f__Synergistaceae;g__Cloacibacillus;s__
c1d6909395ae6ce72e7de12c00fa24b3,d__Bacteria
721bd63f1f706f861456b1817d50a149,d__Bacteria;p__Firmicutes;c__Clostridia;o__Oscillospirales;f__Ruminococcaceae
18ab572de0a0348dc2703b2e108d2c57,d__Bacteria;p__Firmicutes;c__Clostridia;o__Oscillospirales;f__Ruminococcaceae;g__Ruminococcus;s__
dfe048198fc92002a5a372da1d3fb328,d__Bacteria;p__Firmicutes;c__Clostridia;o__Oscillospirales;f__Ruminococcaceae;g__Ruminococcus;s__
b2e37031256f1697c3714047d9308918,d__Bacteria;p__Planctomycetota;c__vadinHA49;o__vadinHA49;f__vadinHA49;g__vadinHA49;s__
a2a7f80ea589505d665e0c484eb650f3,d__Bacteria;p__Firmicutes;c__Clostridia;o__Lachnospirales;f__Lachnospiraceae;g__Tyzzerella;s__
ed41e38ef2fe803913b00c7753fbba84,d__Bacteria;p__Firmicutes;c__Clostridia;o__Lachnospirales;f__Lachnospiraceae
21058ed1715cdfc2d885ceec0c7b6844,d__Bacteria;p__Firmicutes;c__Clostridia;o__Lachnospirales;f__Lachnospiraceae
b409315a5eb6cc90cd7965ce66891ab1,d__Bacteria;p__Proteobacteria;c__Gammaproteobacteria;o__Enterobacterales
188c2a3c2ca9044e138ff0d8b8086437,d__Bacteria;p__Firmicutes;c__Clostridia;o__Lachnospirales;f__Lachnospiraceae;g__Tyzzerella;s__
8a127010513dd69a0357e4ddddc6c299,d__Bacteria;p__Firmicutes;c__Clostridia;o__Lachnospirales;f__Lachnospiraceae
6280e0d4a58f0aae46da12eaddf0cc13,d__Bacteria;p__Proteobacteria;c__Gammaproteobacteria;o__Enterobacterales;f__Enterobacteriaceae;g__Escherichia-Shigella;s__
34e51d46e75fbd74c09b9a7f4190a11a,d__Bacteria;p__Rs-K70_termite_group;c__Rs-K70_termite_group;o__Rs-K70_termite_group;f__Rs-K70_termite_group;g__Rs-K70_termite_group;s__
60b4b0b6894c0afbe843d8706468e49a,Unassigned
d3d6d52dd5e663a95ffa4f7922eb7567,d__Bacteria;p__Firmicutes;c__Clostridia;o__Oscillospirales;f__Ruminococcaceae;g__Ruminococcus;s__
5c9dbb3bd6a9f85feafe910e22ef388d,d__Bacteria;p__Synergistota;c__Synergistia;o__Synergistales;f__Synergistaceae;g__Cloacibacillus;s__
349550f8a8b84a908a6f38d80a0898fd,d__Bacteria;p__Firmicutes;c__Clostridia;o__Monoglobales;f__Monoglobaceae;g__Monoglobus;s__
4bc56031a0ea0d40038c86344a306a7c,d__Bacteria;p__Firmicutes;c__Clostridia;o__Monoglobales;f__Monoglobaceae;g__Monoglobus;s__
9c38932187c157e10c5c674a5867fdc4,d__Bacteria;p__Firmicutes;c__Clostridia;o__Lachnospirales;f__Lachnospiraceae;g__Tyzzerella;s__
2cb774bff488446ba0c3e568ddea6a87,d__Bacteria;p__Synergistota;c__Synergistia;o__Synergistales;f__Synergistaceae;g__Cloacibacillus;s__
b0938be4bad600b765fb36d9875155ea,d__Bacteria;p__Proteobacteria;c__Gammaproteobacteria;o__Enterobacterales;f__Enterobacteriaceae
8b0a83ca13c8eadf92acff6e886916a4,d__Bacteria;p__Cyanobacteria;c__Vampirivibrionia;o__Gastranaerophilales;f__Gastranaerophilales;g__Gastranaerophilales;s__
acc88b89e62e2947aeb22567503bf77b,d__Bacteria;p__Proteobacteria;c__Gammaproteobacteria;o__Enterobacterales;f__Enterobacteriaceae
fb0f5cf0ac21dcd2a6cdf146a1cbc67c,d__Bacteria;p__Firmicutes;c__Clostridia;o__Lachnospirales;f__Lachnospiraceae;g__Tyzzerella;s__
96320642bb0bd591cb92385b7191859c,d__Bacteria;p__Proteobacteria;c__Alphaproteobacteria;o__Acetobacterales;f__Acetobacteraceae;g__Endobacter;s__
17ae141b8337a77a17026ceade065ee7,d__Bacteria;p__Bacteroidota;c__Bacteroidia;o__Bacteroidales;f__Rikenellaceae;g__Alistipes;s__
6f1679985f6d26fc691893433f9e561b,d__Bacteria;p__Cyanobacteria;c__Vampirivibrionia;o__Gastranaerophilales;f__Gastranaerophilales;g__Gastranaerophilales;s__
69d484f130e5ce1bbe149bcecd764187,d__Bacteria;p__Planctomycetota;c__vadinHA49;o__vadinHA49;f__vadinHA49;g__vadinHA49;s__
8215da1adda0cc3e5e05ee0fac6bc54d,d__Bacteria;p__Firmicutes;c__Clostridia;o__Lachnospirales;f__Lachnospiraceae
770f46837f29571fd61870543709ce99,d__Bacteria;p__Bacteroidota;c__Bacteroidia;o__Bacteroidales;f__Bacteroidaceae;g__Bacteroides;s__
3bcc06c1940541d2ee62024903b8a2f7,d__Bacteria;p__Firmicutes;c__Bacilli;o__Lactobacillales;f__Aerococcaceae
864076bab5d1a618ef459256ee4b50b4,d__Bacteria;p__Firmicutes;c__Clostridia;o__Lachnospirales;f__Lachnospiraceae
8f7f8834c0e8bac51ccc728f7d1aba49,d__Bacteria;p__Firmicutes;c__Clostridia;o__Lachnospirales;f__Lachnospiraceae
13b58b0913dc96d0d8306292f46cd180,d__Bacteria;p__Proteobacteria;c__Gammaproteobacteria;o__Burkholderiales
d5ad515b56c58bb7e2e409123c2fefb5,d__Bacteria;p__Cyanobacteria;c__Vampirivibrionia;o__Gastranaerophilales;f__Gastranaerophilales;g__Gastranaerophilales;s__
d83bb11cda6641ee9dafc21e12c2c6a6,d__Bacteria;p__Proteobacteria;c__Gammaproteobacteria;o__Diplorickettsiales;f__Diplorickettsiaceae;g__Rickettsiella;s__
d253e38790b906972d71740fd64b7066,d__Bacteria;p__Firmicutes;c__Clostridia;o__Lachnospirales;f__Lachnospiraceae
aac9747c5ca9a43ec751095a652df53b,d__Bacteria;p__Firmicutes;c__Bacilli;o__Lactobacillales;f__Streptococcaceae;g__Streptococcus;s__
6a9b0128f6928d760b8fb91a7207e131,d__Bacteria;p__Proteobacteria;c__Gammaproteobacteria;o__Burkholderiales
74813f6b41925ab467813a26ccb1d09a,d__Bacteria;p__Proteobacteria;c__Gammaproteobacteria;o__Enterobacterales;f__Pasteurellaceae
27d5d30ead770007ec611838b3c2fa4b,d__Bacteria;p__Proteobacteria;c__Alphaproteobacteria;o__Acetobacterales;f__Acetobacteraceae;g__Acidiphilium;s__
d3b0b2cdebffd2daef03f2af128d65fe,d__Bacteria;p__Verrucomicrobiota;c__Verrucomicrobiae;o__Verrucomicrobiales;f__Akkermansiaceae;g__Akkermansia;s__
dcbaf07733b2186f679eae345c8d9972,d__Bacteria;p__Bacteroidota;c__Bacteroidia;o__Bacteroidales;f__Rikenellaceae;g__Alistipes;s__
2fc08d22332535f50ef973e106e13042,d__Bacteria;p__Firmicutes;c__Clostridia;o__Oscillospirales;f__Oscillospiraceae
472982dfec7b6efee0dc2ac3d8a2dff1,d__Bacteria;p__Proteobacteria;c__Gammaproteobacteria;o__Xanthomonadales;f__Rhodanobacteraceae;g__Luteibacter;s__
9c257d1329a249ea7ff683504308f5d9,d__Bacteria;p__Firmicutes;c__Bacilli;o__Lactobacillales;f__Streptococcaceae;g__Streptococcus;s__
1e4872f59ec858d380501c8fb8cbac66,d__Bacteria;p__Proteobacteria;c__Alphaproteobacteria;o__Sphingomonadales;f__Sphingomonadaceae
c5f9272da2ccd19e805077dfa4352900,d__Bacteria;p__Actinobacteriota;c__Actinobacteria;o__Corynebacteriales;f__Mycobacteriaceae;g__Mycobacterium;s__
0f910c83c9fa82049f8812128b65f45d,d__Bacteria;p__Bacteroidota;c__Bacteroidia;o__Bacteroidales
6ebaca19ad709147d18152a088a84258,d__Bacteria;p__Bacteroidota;c__Bacteroidia;o__Bacteroidales;f__Muribaculaceae;g__Muribaculaceae;s__
e211f46b7cfe17ecc3d17b10fe0471b4,d__Bacteria;p__Bacteroidota;c__Bacteroidia;o__Bacteroidales;f__Muribaculaceae;g__Muribaculaceae;s__
494bd641211db1245619ecd64383f645,d__Bacteria;p__Actinobacteriota;c__Coriobacteriia;o__Coriobacteriales;f__Eggerthellaceae;g__Enterorhabdus;s__
80ba22f0619a4df6c690788b9729b573,d__Bacteria;p__Firmicutes;c__Clostridia;o__Monoglobales;f__Monoglobaceae;g__Monoglobus;s__
d19317fa2bf56529f3030a9471da4f2b,d__Bacteria;p__Bacteroidota;c__Bacteroidia;o__Bacteroidales;f__Muribaculaceae;g__Muribaculaceae;s__
d182cd6a8b2f045838d62282bfabd6f7,d__Bacteria;p__Firmicutes;c__Clostridia;o__Lachnospirales;f__Lachnospiraceae
6753cfc128f261ecf608e826e6945dbf,d__Bacteria;p__Firmicutes;c__Clostridia;o__Oscillospirales;f__Oscillospiraceae;g__Colidextribacter;s__
168d6c529ecfc0924b4c9a54dffeaf19,d__Bacteria;p__Firmicutes;c__Clostridia;o__Lachnospirales;f__Lachnospiraceae
95d2cb4bdb2ddff8bbe3cf2ca7396b30,d__Bacteria;p__Bacteroidota;c__Bacteroidia;o__Bacteroidales;f__Muribaculaceae;g__Muribaculaceae;s__
97b2044ca185aef8bf78b1d1aa934671,d__Bacteria;p__Bacteroidota;c__Bacteroidia;o__Bacteroidales;f__Muribaculaceae;g__Muribaculaceae;s__
3e93e9064bdc394e083d5bbe968a1610,d__Bacteria;p__Firmicutes;c__Clostridia;o__Lachnospirales;f__Lachnospiraceae
e60db0b0cb37e48a986629b96a8a4fed,d__Bacteria;p__Actinobacteriota;c__Coriobacteriia;o__Coriobacteriales;f__Eggerthellaceae;g__Enterorhabdus;s__
0c67652af96c9a3bd3f1dd2a87576770,d__Bacteria;p__Firmicutes;c__Clostridia;o__Oscillospirales;f__Oscillospiraceae
27f4ccec10023fe907b4b4063162b270,d__Bacteria;p__Firmicutes;c__Clostridia;o__Monoglobales;f__Monoglobaceae;g__Monoglobus;s__
3a4fc148401b1cbdb1000e3131e4d51e,d__Bacteria;p__Firmicutes;c__Clostridia;o__Lachnospirales;f__Lachnospiraceae
51367c42595d3e711d4e2609cdace14d,d__Bacteria;p__Bacteroidota;c__Bacteroidia;o__Bacteroidales;f__Rikenellaceae;g__Alistipes;s__
2ccbe34e0d2234b96c81ca8668a3e4b5,d__Bacteria;p__Firmicutes;c__Clostridia;o__Lachnospirales;f__Lachnospiraceae
97f2b14c14d588d706add1cab48c33bb,d__Bacteria;p__Firmicutes;c__Clostridia;o__Lachnospirales;f__Lachnospiraceae
e2e52d8583cab07939c7fe8afcf7833d,d__Bacteria;p__Bacteroidota;c__Bacteroidia;o__Bacteroidales;f__Rikenellaceae;g__Alistipes;s__
9191288191d66e3d46a48d771355dbae,d__Bacteria;p__Firmicutes;c__Bacilli;o__Erysipelotrichales;f__Erysipelatoclostridiaceae
b5a90dd7fc9275ad7ffc8f13f294415d,d__Bacteria;p__Actinobacteriota;c__Coriobacteriia;o__Coriobacteriales;f__Coriobacteriales_Incertae_Sedis;g__uncultured;s__
265d7401717ed7d97f93f327300b1f55,d__Bacteria;p__Firmicutes;c__Bacilli;o__Erysipelotrichales;f__Erysipelatoclostridiaceae
ca4b9359b0c057a9858544d8588249d5,d__Bacteria;p__Firmicutes;c__Clostridia;o__Monoglobales;f__Monoglobaceae;g__Monoglobus;s__
f8033828d9c34f04199254e8190344fb,d__Bacteria;p__Firmicutes;c__Clostridia;o__Lachnospirales;f__Lachnospiraceae
b21c56a336f1571683132ebdbe43c476,d__Bacteria;p__Firmicutes;c__Clostridia;o__Lachnospirales;f__Lachnospiraceae
e7370521dd0a62cdd3db56ed193f0c35,d__Bacteria;p__Firmicutes;c__Clostridia;o__Lachnospirales;f__Lachnospiraceae
fdc9412f1b5e1c51c3b83ff99c5b141e,d__Bacteria;p__Firmicutes;c__Clostridia;o__Lachnospirales;f__Lachnospiraceae
c02b2c202589497d37b3684ad73d3da1,d__Bacteria;p__Bacteroidota;c__Bacteroidia;o__Bacteroidales;f__Rikenellaceae;g__Alistipes;s__
f0510130e00c6f00999385273d9d78a1,d__Bacteria;p__Firmicutes;c__Bacilli;o__Erysipelotrichales;f__Erysipelatoclostridiaceae
be4a3caf5031244576a8e18a142f5ce8,d__Bacteria;p__Firmicutes;c__Clostridia;o__Lachnospirales;f__Lachnospiraceae
398109cf748a77a454ee8fa2f1381d89,d__Bacteria;p__Planctomycetota;c__vadinHA49;o__vadinHA49;f__vadinHA49;g__vadinHA49;s__
3a407db739f1776e260303b817e6862d,d__Bacteria;p__Proteobacteria;c__Gammaproteobacteria;o__Burkholderiales
d95d5dc17d9795d1f03e3b25db4ec0d5,d__Bacteria;p__Firmicutes;c__Clostridia;o__Lachnospirales;f__Lachnospiraceae
05c8acebb5c9c3632f3c122d6198e9f2,d__Bacteria;p__Firmicutes;c__Clostridia;o__Lachnospirales;f__Lachnospiraceae
feb8c1e18f1a819edbfa097a547381cb,d__Bacteria;p__Firmicutes;c__Clostridia;o__Lachnospirales;f__Lachnospiraceae
04cba7671426186856828f9a75276e5d,d__Bacteria;p__Bacteroidota;c__Bacteroidia;o__Bacteroidales;f__Bacteroidaceae;g__Bacteroides;s__
47a938ac3ae63ee25a4a12a029eec68f,d__Bacteria;p__Verrucomicrobiota;c__Verrucomicrobiae;o__Verrucomicrobiales;f__Akkermansiaceae;g__Akkermansia;s__
a0e82013562cb4ef55a45140b736938e,d__Bacteria;p__Bacteroidota;c__Bacteroidia;o__Bacteroidales
1ebcdd6dc0b679a00daaf3f3de34d953,d__Bacteria;p__Firmicutes;c__Clostridia;o__Lachnospirales;f__Lachnospiraceae
d2b858862da2b3e3592636535cd14b09,d__Bacteria;p__Bacteroidota;c__Bacteroidia;o__Bacteroidales;f__Muribaculaceae;g__Muribaculaceae;s__
99c3973a6a0b7bcfd696342a9d21f243,d__Bacteria;p__Actinobacteriota;c__Coriobacteriia;o__Coriobacteriales
01f43896157c184c46390ce6c69e0461,d__Bacteria;p__Actinobacteriota;c__Coriobacteriia;o__Coriobacteriales;f__Coriobacteriales_Incertae_Sedis;g__uncultured;s__
05871dc0dcb87b829eae89f63128ad37,d__Bacteria;p__Bacteroidota;c__Bacteroidia;o__Bacteroidales;f__Prevotellaceae
261985f08dc974aff84824cf5e96b496,d__Bacteria;p__Firmicutes;c__Bacilli;o__Lactobacillales;f__Streptococcaceae
7bd0ba9c79ef43bdb36954bf6d93d1d7,d__Bacteria;p__Firmicutes;c__Clostridia;o__Oscillospirales;f__Oscillospiraceae;g__NK4A214_group;s__
6caa71940e7c61f2a1233c21f4ff52f1,d__Bacteria;p__Firmicutes;c__Bacilli;o__Lactobacillales;f__Streptococcaceae;g__Streptococcus;s__
2d56afae3f4fd2c5896c6315c760f26c,d__Bacteria;p__Synergistota;c__Synergistia;o__Synergistales;f__Synergistaceae;g__uncultured;s__
c1cc0dec42e523f615baccd97c2d161f,d__Bacteria;p__Bacteroidota;c__Bacteroidia;o__Bacteroidales;f__Bacteroidaceae;g__Bacteroides;s__
bcbb5fe982c509c39aaf9a0017c549d5,d__Bacteria;p__Proteobacteria;c__Gammaproteobacteria;o__Burkholderiales
8580d29a0d464109e384a9552d2d777c,d__Bacteria;p__Fusobacteriota;c__Fusobacteriia;o__Fusobacteriales;f__Fusobacteriaceae;g__Fusobacterium;s__
8b3db1f77bb890864742a343c20f4372,d__Bacteria;p__Rs-K70_termite_group;c__Rs-K70_termite_group;o__Rs-K70_termite_group;f__Rs-K70_termite_group;g__Rs-K70_termite_group;s__
d6191e088a8bb2ac2a76827c8fe7dbd5,d__Bacteria;p__Firmicutes;c__Bacilli;o__Lactobacillales;f__Streptococcaceae;g__Streptococcus;s__
ef213ed3a49ecb00de3b0bc4d92a4352,d__Bacteria;p__Actinobacteriota;c__Actinobacteria;o__Actinomycetales;f__Actinomycetaceae;g__Actinomyces;s__
0b3b31b8746639be89d32dcb274d11da,d__Bacteria;p__Planctomycetota;c__vadinHA49;o__vadinHA49;f__vadinHA49;g__vadinHA49;s__
5e55eb1df5d1d3d143eb11922121a8dd,d__Bacteria;p__Firmicutes;c__Clostridia;o__Oscillospirales;f__Ruminococcaceae;g__Candidatus_Soleaferrea;s__
a040e34ed0a67fea9b556712066cef47,d__Bacteria;p__Firmicutes;c__Clostridia;o__Oscillospirales;f__Ruminococcaceae;g__Candidatus_Soleaferrea;s__
8b2bc1cf8de611aea8d6c079b79777de,d__Bacteria;p__Firmicutes;c__Negativicutes;o__Veillonellales-Selenomonadales;f__Veillonellaceae;g__Dialister;s__
7558eb60f9d5a2564d8bb47c07d1d900,d__Bacteria;p__Verrucomicrobiota;c__Verrucomicrobiae;o__Verrucomicrobiales;f__Akkermansiaceae;g__Akkermansia;s__
6c7fbcbc836ca110c4f4ff3f61f32090,d__Bacteria;p__Proteobacteria;c__Gammaproteobacteria;o__Enterobacterales;f__Enterobacteriaceae;g__Escherichia-Shigella;s__
3b6666510bf601c25c89fa06076b6211,d__Bacteria;p__Firmicutes;c__Clostridia;o__Lachnospirales;f__Lachnospiraceae;g__Tyzzerella;s__
302405db36d01f7cae190dc79ef467f2,d__Bacteria;p__Proteobacteria;c__Gammaproteobacteria;o__Burkholderiales;f__Oxalobacteraceae;g__Oxalobacter;s__
119d13b07e2d3df94a594350801caa52,d__Bacteria;p__Firmicutes;c__Clostridia;o__Lachnospirales;f__Lachnospiraceae;g__Tyzzerella;s__
506c02414aac3e6c58746a4097a3b3da,d__Bacteria;p__Firmicutes;c__Clostridia;o__Lachnospirales;f__Lachnospiraceae
2b1702b2d646c526e605f6b9c0eb0d51,d__Bacteria;p__Synergistota;c__Synergistia;o__Synergistales;f__Synergistaceae;g__Cloacibacillus;s__
1a8e9a5764a1c956d6e69842e5eaa355,d__Bacteria;p__Firmicutes;c__Clostridia;o__Oscillospirales;f__UCG-010;g__UCG-010;s__
80f29380d776d66729d270073eac7a2f,d__Bacteria;p__Bacteroidota;c__Bacteroidia;o__Bacteroidales;f__Tannerellaceae;g__Parabacteroides;s__
0313efc84dcc68b71252e84e3893d1ab,Unassigned
2f04481a99c8406d93f10c68f91e251e,Unassigned
eb1fd7b4ebe5b1697655248cd276d211,d__Bacteria;p__Campylobacterota;c__Campylobacteria;o__Campylobacterales;f__Campylobacteraceae;g__Campylobacter;s__
1527751b984b78a891f47517cdc67978,d__Bacteria;p__Bacteroidota;c__Bacteroidia;o__Bacteroidales
8083f86659fad17959ba26ee54015df5,d__Bacteria;p__Firmicutes;c__Clostridia;o__Oscillospirales;f__Oscillospiraceae;g__NK4A214_group;s__
304917614d2036eedf28d33187ab822e,d__Bacteria;p__Firmicutes;c__Clostridia;o__Lachnospirales;f__Lachnospiraceae
03553b9a462da25aaff2602eac30d253,d__Bacteria;p__Firmicutes;c__Clostridia;o__Oscillospirales;f__Oscillospiraceae;g__NK4A214_group;s__
756fc03e5d5c85d0a12705c1e908ce1e,d__Bacteria;p__Firmicutes;c__Clostridia
75c91cae8da0bb386bc45e0b8723109d,d__Bacteria;p__Firmicutes;c__Clostridia;o__Lachnospirales;f__Lachnospiraceae
3cdf1311ac8c13cf836e6d18ba6e3d6f,d__Bacteria;p__Firmicutes;c__Clostridia;o__Lachnospirales;f__Lachnospiraceae
d338b4fc62013e20acf5f400f6fc002b,d__Bacteria;p__Firmicutes;c__Clostridia;o__Lachnospirales;f__Lachnospiraceae
2adcd5e5fa6ea7335c4bd9cd1095c44f,d__Bacteria;p__Firmicutes;c__Clostridia;o__Lachnospirales;f__Lachnospiraceae
bcfc2a9cd2a4b5bcb5664598146915d6,d__Bacteria;p__Firmicutes;c__Clostridia
bea5797d533bcab0c7f8f6a299848f91,d__Bacteria;p__Firmicutes;c__Clostridia
65f9bd980bb9e523a94269702abe90f6,d__Bacteria;p__Firmicutes;c__Clostridia;o__Monoglobales;f__Monoglobaceae;g__Monoglobus;s__
885d62a88d3dd722e47ad96f356e0ce5,d__Bacteria;p__Firmicutes;c__Clostridia;o__Lachnospirales;f__Lachnospiraceae
1dd51c5eb71fb1fa0ea472ea2c6a4603,d__Bacteria;p__Firmicutes;c__Clostridia
84c137f97c7a8e514a26b8904a61274c,d__Bacteria;p__Firmicutes;c__Clostridia;o__Oscillospirales;f__Oscillospiraceae
627246eb8ae1a78288719d0a92c5c3ef,d__Bacteria;p__Firmicutes;c__Clostridia;o__Lachnospirales;f__Lachnospiraceae
a45ac6b2106c918f37dd77809c99327d,d__Bacteria;p__Firmicutes;c__Clostridia;o__Lachnospirales;f__Lachnospiraceae
2c28988c5afa97cf64bcd6485b04d039,d__Bacteria;p__Firmicutes;c__Clostridia;o__Lachnospirales;f__Lachnospiraceae
65c726f197a3dd3c8426edbb8ec3b996,d__Bacteria;p__Firmicutes;c__Clostridia;o__Lachnospirales;f__Lachnospiraceae
f2ea2d923f22dfda956e8626df586996,d__Bacteria;p__Firmicutes;c__Clostridia;o__Peptostreptococcales-Tissierellales;f__Anaerovoracaceae;g__Family_XIII_UCG-001;s__
6c8177e4ae630a1231146de8fa0d4477,d__Bacteria;p__Firmicutes;c__Clostridia;o__Oscillospirales;f__Butyricicoccaceae;g__uncultured;s__
1d4223e770d68bf0a4a564898ee8fad4,d__Bacteria;p__Firmicutes;c__Clostridia;o__Lachnospirales;f__Lachnospiraceae
ba186e4598ec695689460c55d610ea05,d__Bacteria;p__Bacteroidota;c__Bacteroidia;o__Bacteroidales
8cee69ccf1bf8a2197494971826570bd,d__Bacteria;p__Rs-K70_termite_group;c__Rs-K70_termite_group;o__Rs-K70_termite_group;f__Rs-K70_termite_group;g__Rs-K70_termite_group;s__
bc331b57e0bb221a099f9d8ee1a552a7,d__Bacteria;p__Firmicutes;c__Clostridia;o__Lachnospirales;f__Lachnospiraceae
c3499eb0bb30a49670e6c0a237dcf9c8,d__Bacteria;p__Firmicutes;c__Clostridia;o__Lachnospirales;f__Lachnospiraceae
7e6b794633c196799d521c407c404474,d__Bacteria;p__Firmicutes;c__Clostridia;o__Lachnospirales;f__Lachnospiraceae
10763fa5f85875eb210a24413e96717d,d__Bacteria;p__Firmicutes;c__Clostridia;o__Lachnospirales;f__Lachnospiraceae
95f4857c1bc4aaf696bffb19d4893282,d__Bacteria;p__Firmicutes;c__Clostridia;o__Lachnospirales;f__Lachnospiraceae
adf22d3227e26c8346b9eb67a044430f,d__Bacteria;p__Desulfobacterota;c__Desulfovibrionia;o__Desulfovibrionales;f__Desulfovibrionaceae;g__Desulfovibrio;s__
f5eed960332660a9402de92c3599fed8,d__Bacteria;p__Firmicutes;c__Clostridia;o__Oscillospirales;f__Oscillospiraceae
a7b3a476a2a43be799c5520aa129eb42,d__Bacteria;p__Planctomycetota;c__vadinHA49;o__vadinHA49;f__vadinHA49;g__vadinHA49;s__
1ddb8c667ff99427b51eafc6a66bb892,d__Bacteria;p__Firmicutes;c__Clostridia;o__Oscillospirales;f__Oscillospiraceae
5b9a28017b27ed23ccfd34696b8107b8,d__Bacteria;p__Firmicutes;c__Clostridia
6b27bd4aa88b7f13b358b1256111742b,d__Bacteria;p__Firmicutes;c__Clostridia;o__Lachnospirales;f__Lachnospiraceae
bf10a0e591354e7634461845de15e236,d__Bacteria;p__Desulfobacterota;c__Desulfovibrionia;o__Desulfovibrionales;f__Desulfovibrionaceae;g__Desulfovibrio;s__
198829a54f20b18fa48d68101723ba2f,d__Bacteria;p__Bacteroidota;c__Bacteroidia;o__Bacteroidales;f__Bacteroidaceae;g__Bacteroides;s__
c143309ac213245bec3137760067b3c6,d__Bacteria;p__Rs-K70_termite_group;c__Rs-K70_termite_group;o__Rs-K70_termite_group;f__Rs-K70_termite_group;g__Rs-K70_termite_group;s__
467f1ad528fca74eeb9384dc42e30c1c,d__Bacteria;p__Firmicutes;c__Clostridia;o__Lachnospirales;f__Lachnospiraceae
8458ccaa1506423f5486de5e06ff0561,d__Bacteria;p__Desulfobacterota;c__Desulfovibrionia;o__Desulfovibrionales;f__Desulfovibrionaceae;g__Desulfovibrio;s__
c54c1809c6d5edd221484849caaafc71,d__Bacteria;p__Firmicutes;c__Bacilli;o__Erysipelotrichales;f__Erysipelatoclostridiaceae
4583e52cc3c62afb9668f5e372e85739,d__Bacteria;p__Firmicutes;c__Clostridia;o__Lachnospirales;f__Lachnospiraceae
b8e3ed61f7314106b578e4e694d1d861,d__Bacteria;p__Firmicutes;c__Clostridia;o__Lachnospirales;f__Lachnospiraceae;g__[Eubacterium]_fissicatena_group;s__
3da1c4a5bb22524bd7e004c31d911af3,d__Bacteria;p__Bacteroidota;c__Bacteroidia;o__Bacteroidales
7f86977f52cc4acaf6a01ff21689985b,d__Bacteria;p__Firmicutes;c__Clostridia;o__Lachnospirales;f__Lachnospiraceae;g__Sellimonas;s__
8310eb8b9b84c5da5c9f685745008e84,d__Bacteria;p__Bacteroidota;c__Bacteroidia;o__Bacteroidales
e5db6d49ac9ffecaa16582b3c0ed86cc,d__Bacteria;p__Firmicutes;c__Clostridia;o__Monoglobales;f__Monoglobaceae;g__Monoglobus;s__
92d5279dc5a67ce56c546e7220dd82fe,d__Bacteria;p__Rs-K70_termite_group;c__Rs-K70_termite_group;o__Rs-K70_termite_group;f__Rs-K70_termite_group;g__Rs-K70_termite_group;s__
c3104e7f57faa4d2a30a42a1442b3ec6,Unassigned
8d3ad626ee57917a98cba862eba5dcd8,d__Bacteria;p__Proteobacteria;c__Gammaproteobacteria;o__Burkholderiales;f__Sutterellaceae;g__Parasutterella;s__
e87b37bdac24037f25bb1baad1bb7202,d__Bacteria;p__Firmicutes;c__Clostridia;o__Lachnospirales;f__Lachnospiraceae
73551e68c050f3a39f0f1da2aa858b03,d__Bacteria;p__Firmicutes;c__Clostridia;o__Lachnospirales;f__Lachnospiraceae
576d40cf47f8540cfedd2e5dbf58cba1,d__Bacteria;p__Bacteroidota;c__Bacteroidia;o__Bacteroidales;f__Bacteroidaceae;g__Bacteroides;s__
40ea2094e203816071ba9621a36f95d5,d__Bacteria;p__Firmicutes;c__Clostridia;o__Oscillospirales;f__Oscillospiraceae;g__UCG-005;s__
006ad4fd8167ca9718f86e5437dea0e4,d__Bacteria;p__Proteobacteria;c__Gammaproteobacteria;o__Burkholderiales;f__Sutterellaceae;g__Parasutterella;s__
0edf73cc2e8782ad2370a908fe960a10,d__Bacteria;p__Firmicutes;c__Clostridia;o__Lachnospirales;f__Lachnospiraceae;g__Tyzzerella;s__
22f6d1e0f7ab4606d9a6ff54e97c9bac,d__Bacteria;p__Proteobacteria;c__Gammaproteobacteria;o__Enterobacterales
881ccea62cbcc23970c9cf0929d76777,d__Bacteria;p__Firmicutes;c__Clostridia;o__Lachnospirales;f__Lachnospiraceae;g__Hungatella;s__
d75e3a5cdc8ee5a6c82dd5a16641f198,d__Bacteria;p__Firmicutes;c__Clostridia;o__Lachnospirales;f__Lachnospiraceae
d2cb99e658bb2c3708e483c6b510b3aa,d__Bacteria;p__Planctomycetota;c__vadinHA49;o__vadinHA49;f__vadinHA49;g__vadinHA49;s__
bc5fd8fb1a43efdb9c7685b2c29b2aae,d__Bacteria;p__Firmicutes;c__Bacilli;o__Lactobacillales;f__Streptococcaceae;g__Streptococcus;s__
0cbd74557590005b2568f5698ac4d738,d__Bacteria;p__Firmicutes;c__Clostridia;o__Lachnospirales;f__Lachnospiraceae
fb56d20812d94f19c3c6b89a8764504c,d__Bacteria;p__Bacteroidota;c__Bacteroidia;o__Bacteroidales;f__Muribaculaceae;g__Muribaculaceae;s__
54a84a476324da30a22a46d3601de56e,d__Bacteria;p__Bacteroidota;c__Bacteroidia;o__Bacteroidales;f__Muribaculaceae;g__Muribaculaceae;s__
08b812760d74d45fec23f09d79d43910,d__Bacteria;p__Firmicutes;c__Clostridia;o__Lachnospirales;f__Lachnospiraceae;g__Tyzzerella;s__
ea682bf4ce621d9fb52e2ddc1adf7b87,d__Bacteria;p__Bacteroidota;c__Bacteroidia;o__Bacteroidales;f__Muribaculaceae;g__Muribaculaceae;s__
665afb34c6ace25d07cdc84688ed28a3,d__Bacteria;p__Firmicutes;c__Clostridia;o__Lachnospirales;f__Lachnospiraceae;g__Tyzzerella;s__
f383277d19d20b2afdede55456914b11,d__Bacteria;p__Firmicutes;c__Clostridia;o__Oscillospirales;f__Ruminococcaceae;g__Ruminococcus;s__
4b51ef3167b35b43251e117133947b35,d__Bacteria;p__Firmicutes;c__Clostridia;o__Monoglobales;f__Monoglobaceae;g__Monoglobus;s__
33b1b85fa752b94274e51b5e82d5671d,d__Bacteria;p__Firmicutes;c__Clostridia;o__Lachnospirales;f__Lachnospiraceae
bc1149bc6493cbd022d52f726ddcab92,d__Bacteria;p__Firmicutes;c__Clostridia;o__Oscillospirales;f__Ruminococcaceae;g__Ruminococcus;s__
571feb50e54e5940926b8a26908e8afc,d__Bacteria;p__Firmicutes;c__Clostridia;o__Lachnospirales;f__Lachnospiraceae
9b0c2e261dd1b16ca5629cee4eb56e8f,d__Bacteria;p__Firmicutes;c__Clostridia;o__Lachnospirales;f__Lachnospiraceae
07c3e6edae6521aa52aec2d686bdd37f,d__Bacteria;p__Firmicutes;c__Clostridia;o__Oscillospirales
95cad52edb62d7dd9647641e1f558152,d__Bacteria;p__Firmicutes;c__Clostridia;o__Oscillospirales;f__Oscillospiraceae;g__UCG-005;s__
354dfc40141dcf88867ddea84e3d569e,d__Bacteria;p__Firmicutes;c__Clostridia;o__Lachnospirales;f__Lachnospiraceae
90f3653c990e583b4273368f83da51d8,d__Bacteria;p__Firmicutes;c__Clostridia;o__Oscillospirales;f__[Eubacterium]_coprostanoligenes_group;g__[Eubacterium]_coprostanoligenes_group;s__
77e8edb83f1629d2607f9bd9c98d59e3,d__Bacteria;p__Firmicutes;c__Clostridia;o__Lachnospirales;f__Lachnospiraceae;g__Tyzzerella;s__
162f8bf5929f737ac556eedfda988884,d__Bacteria;p__Firmicutes;c__Clostridia
9a22359daf2e792b8614790438f20849,d__Bacteria;p__Firmicutes;c__Clostridia;o__Oscillospirales;f__Oscillospiraceae
b889d706b688ba067ac2439f323db2a4,d__Bacteria;p__Firmicutes;c__Bacilli;o__Erysipelotrichales;f__Erysipelatoclostridiaceae
027e0e1a0e3f70c16898df7ab5af583b,d__Bacteria;p__Firmicutes;c__Clostridia;o__Oscillospirales;f__Ruminococcaceae;g__Ruminococcus;s__
be935e3110c8ecee09e8aa83823d71dc,d__Bacteria;p__Firmicutes;c__Clostridia;o__Lachnospirales;f__Lachnospiraceae
1ff5f294967f29c4bd5cc7d750d1dfbd,d__Bacteria;p__Firmicutes;c__Clostridia;o__Monoglobales;f__Monoglobaceae;g__Monoglobus;s__
99ee07f6d561894a7fcba5a5228b70ca,d__Bacteria;p__Firmicutes;c__Clostridia;o__Oscillospirales;f__Oscillospiraceae;g__NK4A214_group;s__
884e883c7a44ec3e9898b90e77e81431,d__Bacteria;p__Firmicutes;c__Clostridia;o__Oscillospirales;f__[Eubacterium]_coprostanoligenes_group;g__[Eubacterium]_coprostanoligenes_group;s__
6bdb78d33172df38839a5c569d6074ce,d__Bacteria;p__Bacteroidota;c__Bacteroidia;o__Bacteroidales;f__Muribaculaceae;g__Muribaculaceae;s__
115bc4a048cdc1f17af8e8f384f955da,d__Bacteria;p__Actinobacteriota;c__Coriobacteriia;o__Coriobacteriales
3a5c466cad70754999253185fb598bda,d__Bacteria;p__Firmicutes;c__Clostridia;o__Lachnospirales;f__Lachnospiraceae
8510b09a9b884a089a3e2a9b63facb1f,d__Bacteria;p__Firmicutes;c__Clostridia;o__Lachnospirales;f__Lachnospiraceae
64e47c1c760bf94cf893b9e58d287b27,d__Bacteria;p__Bacteroidota;c__Bacteroidia;o__Bacteroidales;f__Muribaculaceae;g__Muribaculaceae;s__
f40ccd0df2c9fa9ade38ce83a4417d6d,d__Bacteria;p__Firmicutes;c__Clostridia;o__Lachnospirales;f__Lachnospiraceae
9dd174cc61a26ee18bda0e364c9ec260,d__Bacteria;p__Firmicutes;c__Clostridia;o__Lachnospirales;f__Lachnospiraceae
b26531be46fd52c2beae91745b1a56ab,d__Bacteria;p__Firmicutes;c__Bacilli;o__Erysipelotrichales;f__Erysipelatoclostridiaceae
c6b5c2a5567481388ca675b848de493e,d__Bacteria;p__Firmicutes;c__Clostridia;o__Oscillospirales;f__Ruminococcaceae;g__Ruminococcus;s__
e3a0265dd09daec7eb83e1054ac84263,d__Bacteria;p__Bacteroidota;c__Bacteroidia;o__Bacteroidales;f__Muribaculaceae;g__Muribaculaceae;s__
a7d758c7c3305fbb405a09010974318f,d__Bacteria;p__Firmicutes;c__Clostridia;o__Lachnospirales;f__Lachnospiraceae
20d2be62663b4d441d03d53d8fe3a5c3,d__Bacteria;p__Desulfobacterota;c__Desulfovibrionia;o__Desulfovibrionales;f__Desulfovibrionaceae;g__uncultured;s__
62bf51a6f95af4e5765b15f910f31e60,d__Bacteria;p__Planctomycetota;c__vadinHA49;o__vadinHA49;f__vadinHA49;g__vadinHA49;s__
76c6093c62091c004ef95302afa65f04,d__Bacteria;p__Bacteroidota;c__Bacteroidia;o__Bacteroidales;f__Muribaculaceae;g__Muribaculaceae;s__
9c525542187a879f51cfb0a2cdd4d43a,d__Bacteria;p__Firmicutes;c__Clostridia;o__Lachnospirales;f__Lachnospiraceae
e74f5a28c0e4d83c9e09c1cc5f52a8e2,d__Bacteria;p__Bacteroidota;c__Bacteroidia;o__Bacteroidales;f__Muribaculaceae;g__Muribaculaceae;s__
6e7e4dba603a7ea694f7d02c513e7ff2,d__Bacteria;p__Firmicutes;c__Clostridia;o__Monoglobales;f__Monoglobaceae;g__Monoglobus;s__
ab923bd166dd6c90acf6c1f2cd4e6a3c,d__Bacteria;p__Firmicutes;c__Clostridia;o__Oscillospirales;f__Oscillospiraceae;g__Oscillibacter;s__
be9395f35b1611b98ea81f9443a93e2b,d__Bacteria;p__Firmicutes;c__Clostridia;o__Lachnospirales;f__Lachnospiraceae
cfed012086568dc509b07b0bf3628307,d__Bacteria;p__Firmicutes;c__Bacilli;o__Erysipelotrichales;f__Erysipelatoclostridiaceae
e44adacdf8f9ac9dd90e2909def17861,d__Bacteria;p__Firmicutes;c__Clostridia;o__Lachnospirales;f__Lachnospiraceae
39fa911fdd480b0eac67cf31a2163b8b,d__Bacteria;p__Firmicutes;c__Clostridia;o__Lachnospirales;f__Lachnospiraceae
92f63f7c1b88f62e57d55a9a3d6b98df,d__Bacteria;p__Desulfobacterota;c__Desulfovibrionia;o__Desulfovibrionales;f__Desulfovibrionaceae;g__uncultured;s__
2a935c45a05fbb990cb6ef1130473065,d__Bacteria;p__Planctomycetota;c__vadinHA49;o__vadinHA49;f__vadinHA49;g__vadinHA49;s__
cbd6eeac5c514821e9bb541dbc2ee8c1,d__Bacteria;p__Firmicutes;c__Clostridia;o__Lachnospirales;f__Lachnospiraceae
fc1c649d1e2ae33aa4a2017ac90f0860,d__Bacteria;p__Firmicutes;c__Clostridia;o__Lachnospirales;f__Lachnospiraceae
f3465b6eb25c1d0786074c913de89c43,d__Bacteria;p__Firmicutes;c__Clostridia;o__Lachnospirales;f__Lachnospiraceae
a935e8e6341a0ac8ee5196b9d80c30ad,d__Bacteria;p__Proteobacteria;c__Alphaproteobacteria;o__Rhizobiales;f__Rhizobiaceae;g__Allorhizobium-Neorhizobium-Pararhizobium-Rhizobium;s__
dec342170c8ef00ba7c9355f74fe34a9,d__Bacteria;p__Proteobacteria;c__Gammaproteobacteria;o__Pseudomonadales;f__Pseudomonadaceae;g__Pseudomonas;s__
065b53a18ef259f29c270aea3916f374,d__Bacteria;p__Proteobacteria;c__Gammaproteobacteria;o__Burkholderiales
d6db9f1de9c8e2e7cd91e029e8ab3201,d__Bacteria;p__Proteobacteria;c__Gammaproteobacteria;o__Pseudomonadales;f__Pseudomonadaceae;g__Pseudomonas;s__
ce2931cb67af94dddd5a534b1c1017c7,d__Bacteria;p__Firmicutes;c__Clostridia;o__Oscillospirales;f__Oscillospiraceae;g__Colidextribacter;s__
be43d5f554d08a5d923b29aff86aacc3,d__Bacteria;p__Proteobacteria;c__Gammaproteobacteria;o__Burkholderiales;f__Sutterellaceae;g__Parasutterella;s__
847ed085d9f81fc30fc2cb6f71dc1a91,d__Bacteria;p__Proteobacteria;c__Gammaproteobacteria;o__Enterobacterales;f__Enterobacteriaceae
e37fbb1b28000458ce65ba1a8121b3e1,d__Bacteria;p__Proteobacteria;c__Gammaproteobacteria;o__Pseudomonadales;f__Pseudomonadaceae;g__Pseudomonas;s__
2efa559a59819936bfc648bd215565c8,d__Bacteria;p__Proteobacteria;c__Gammaproteobacteria;o__Pseudomonadales;f__Pseudomonadaceae;g__Pseudomonas;s__
5b3c634556f405efc487ca0ea2bf711a,d__Bacteria;p__Proteobacteria;c__Gammaproteobacteria;o__Enterobacterales;f__Yersiniaceae
19ee912fa72ad32f3ad0c93605b2584d,d__Bacteria;p__Proteobacteria;c__Gammaproteobacteria;o__Pseudomonadales;f__Pseudomonadaceae;g__Pseudomonas;s__
775aa25993fd3dc94a5fa4a5c7e1641f,d__Bacteria;p__Proteobacteria;c__Gammaproteobacteria;o__Pseudomonadales;f__Pseudomonadaceae;g__Pseudomonas;s__
2d32ec1db5aa98caff116d19d703cc8a,d__Bacteria;p__Proteobacteria;c__Gammaproteobacteria;o__Pseudomonadales;f__Pseudomonadaceae;g__Pseudomonas;s__
fb7ff2551adcb7e70214f066dd4027c5,d__Bacteria;p__Proteobacteria;c__Gammaproteobacteria;o__Enterobacterales
92112f22b2b2863a2638a132846bddbd,d__Bacteria;p__Proteobacteria;c__Gammaproteobacteria;o__Enterobacterales
ed5727f184e5de2b8684eaeac7694aca,d__Bacteria;p__Proteobacteria;c__Gammaproteobacteria;o__Pseudomonadales;f__Pseudomonadaceae;g__Pseudomonas;s__
fe9fb6f7b8daf9b7f069524b0a94a09c,d__Bacteria;p__Proteobacteria;c__Gammaproteobacteria;o__Xanthomonadales;f__Rhodanobacteraceae;g__Luteibacter;s__
975df18e4528c6f6c8b80b3c70767fca,d__Bacteria;p__Proteobacteria;c__Gammaproteobacteria;o__Xanthomonadales;f__Xanthomonadaceae
28a0c7adc2b85cf37f35451f5b4bfba7,d__Bacteria;p__Proteobacteria;c__Alphaproteobacteria;o__Sphingomonadales;f__Sphingomonadaceae
3b412dba899cdaae447f5c278900340b,d__Bacteria;p__Proteobacteria;c__Gammaproteobacteria;o__Pseudomonadales;f__Pseudomonadaceae;g__Pseudomonas;s__
308d731e7aaa8b148bdc49d0755e1eb5,d__Bacteria;p__Proteobacteria;c__Gammaproteobacteria;o__Burkholderiales;f__Comamonadaceae
af2a0eff0e5735dbf48e99bb26adc7cc,d__Bacteria;p__Proteobacteria;c__Gammaproteobacteria;o__Pseudomonadales;f__Pseudomonadaceae;g__Pseudomonas;s__
c22392de3b1aea5a0cdc399d2ea2e617,d__Bacteria;p__Proteobacteria;c__Gammaproteobacteria;o__Pseudomonadales;f__Pseudomonadaceae;g__Pseudomonas;s__
878028418fdd3890f471fbe2285b2381,d__Bacteria;p__Actinobacteriota;c__Actinobacteria;o__Micrococcales;f__Microbacteriaceae
77f153ec6eb73c8a85715b499cb798c1,d__Bacteria;p__Actinobacteriota;c__Actinobacteria;o__Micrococcales;f__Microbacteriaceae
0f31f32a287ca998bc493ea943fe2ab5,d__Bacteria;p__Actinobacteriota;c__Actinobacteria;o__Corynebacteriales;f__Corynebacteriaceae
bc60cbbd505cce38207441b4418a83cf,d__Bacteria;p__Proteobacteria;c__Gammaproteobacteria;o__Pseudomonadales;f__Pseudomonadaceae;g__Pseudomonas;s__
3337d3bd1ae6929691ba346169bc44ef,d__Bacteria;p__Proteobacteria;c__Alphaproteobacteria;o__Sphingomonadales;f__Sphingomonadaceae;g__Sphingomonas;s__
394a560670fe24d416304b2d618a8783,d__Bacteria;p__Proteobacteria;c__Gammaproteobacteria;o__Pseudomonadales;f__Pseudomonadaceae;g__Pseudomonas;s__
6dda46c2b5218b6ac7289595c7e2cf0a,d__Bacteria;p__Proteobacteria;c__Gammaproteobacteria;o__Pseudomonadales;f__Pseudomonadaceae;g__Pseudomonas;s__
f6375608316c35ea692f5337bed65cfa,d__Bacteria;p__Proteobacteria;c__Gammaproteobacteria;o__Pseudomonadales;f__Pseudomonadaceae;g__Pseudomonas;s__
b0a70bea4d7e030b4ce62c37ef25b808,d__Bacteria;p__Proteobacteria;c__Gammaproteobacteria;o__Pseudomonadales;f__Pseudomonadaceae;g__Pseudomonas;s__
fffaa01af67a3ce6aa261066a11652b6,d__Bacteria;p__Proteobacteria;c__Gammaproteobacteria;o__Burkholderiales
46a893318107e0410453b38d729e5ad0,d__Bacteria;p__Proteobacteria;c__Alphaproteobacteria;o__Rhizobiales;f__Rhizobiaceae;g__Allorhizobium-Neorhizobium-Pararhizobium-Rhizobium;s__
9eaf233ad155cbd07b4e24edf2300e41,d__Bacteria;p__Proteobacteria;c__Gammaproteobacteria;o__Pseudomonadales;f__Pseudomonadaceae;g__Pseudomonas;s__
df1e3aac104299533a824d3ce994a00d,d__Bacteria;p__Proteobacteria;c__Gammaproteobacteria;o__Xanthomonadales;f__Rhodanobacteraceae;g__Luteibacter;s__
287afacb374392a07fee249909077605,Unassigned
8a4bebb234fb4698105bc8bc0b56bf3d,d__Bacteria;p__Proteobacteria;c__Alphaproteobacteria;o__Rhizobiales;f__Beijerinckiaceae;g__Methylobacterium-Methylorubrum;s__
30cafd2e02b0df6515d5dbcd39b7708e,d__Bacteria;p__Proteobacteria;c__Gammaproteobacteria;o__Enterobacterales;f__Enterobacteriaceae
642829b5760aade4b918b94d9c82f854,d__Bacteria;p__Proteobacteria;c__Gammaproteobacteria;o__Enterobacterales;f__Enterobacteriaceae;g__Klebsiella;s__
9026669b38773ff15c8bb537d3f4cba3,d__Bacteria;p__Proteobacteria;c__Gammaproteobacteria;o__Enterobacterales;f__Enterobacteriaceae
f2b292794fadf00753c28dc07264e155,d__Bacteria;p__Proteobacteria;c__Gammaproteobacteria;o__Enterobacterales;f__Enterobacteriaceae
e7ec137b40b52bc4f6b761a807331b36,d__Bacteria;p__Proteobacteria;c__Gammaproteobacteria;o__Enterobacterales;f__Enterobacteriaceae
2c32ed4c41d8b142fc11fa72fa246c2b,d__Bacteria;p__Proteobacteria;c__Gammaproteobacteria;o__Enterobacterales;f__Enterobacteriaceae
ec73f930187fe7b715a2c731f49d8544,d__Bacteria;p__Proteobacteria;c__Gammaproteobacteria;o__Enterobacterales;f__Enterobacteriaceae
98fe47ca868ad8c64d1356e830b471a5,d__Bacteria;p__Proteobacteria;c__Gammaproteobacteria;o__Enterobacterales;f__Enterobacteriaceae
78e77397dda1ab25e6ee2838bd49d4a7,d__Bacteria;p__Proteobacteria;c__Gammaproteobacteria;o__Enterobacterales;f__Enterobacteriaceae
a90f0e9dd8b5e7bf766ecf3f4ea018a4,d__Bacteria;p__Proteobacteria;c__Gammaproteobacteria;o__Enterobacterales;f__Enterobacteriaceae;g__Klebsiella;s__
7dc2e221a442e2951f74be888e53b481,d__Bacteria;p__Proteobacteria;c__Gammaproteobacteria;o__Enterobacterales;f__Enterobacteriaceae
11ab9cfef1dbb5689031f6fd4b5c9393,d__Bacteria;p__Firmicutes;c__Clostridia;o__Oscillospirales;f__Oscillospiraceae
4e6362e3f97700e8c5d8d518a0d6d481,d__Bacteria;p__Actinobacteriota;c__Coriobacteriia;o__Coriobacteriales
d4052cf1857ca74f86249651971faa79,d__Bacteria;p__Verrucomicrobiota;c__Verrucomicrobiae;o__Verrucomicrobiales;f__Akkermansiaceae;g__Akkermansia;s__
d1bc455af8f1dbf82a3675f99dd7ba24,d__Bacteria;p__Firmicutes;c__Clostridia;o__Oscillospirales;f__Ruminococcaceae
5d588ea0b268452a70b7ff1393e62521,d__Bacteria;p__Bacteroidota;c__Bacteroidia;o__Bacteroidales
a5cfa0630170c0e886059d6bbee47bfc,d__Bacteria;p__Firmicutes;c__Clostridia;o__Lachnospirales;f__Lachnospiraceae
d909faf084b3ebe54d43617e87cfabe5,d__Bacteria;p__Firmicutes;c__Clostridia;o__Oscillospirales;f__Ruminococcaceae
49bce272e85785bf900c9bdbf528c240,d__Bacteria;p__Firmicutes;c__Clostridia;o__Lachnospirales;f__Lachnospiraceae
8a5c242a3b50334bcccd5d9e6b939585,d__Bacteria;p__Firmicutes;c__Clostridia;o__Lachnospirales;f__Lachnospiraceae;g__[Eubacterium]_fissicatena_group;s__
20a1a5ea70e182e9a5bf163a87e1c1a5,d__Bacteria;p__Firmicutes;c__Clostridia;o__Lachnospirales;f__Lachnospiraceae
fd0beaa0b1e6912c303079f7e741eeae,d__Bacteria;p__Desulfobacterota;c__Desulfovibrionia;o__Desulfovibrionales;f__Desulfovibrionaceae
a0e5c491c8b81950c77db90f6e1de373,d__Bacteria;p__Firmicutes;c__Clostridia;o__Oscillospirales;f__Oscillospiraceae
a6e75a24a91bfd9b07d9386f0c1e3161,d__Bacteria;p__Bacteroidota;c__Bacteroidia;o__Bacteroidales
471d760d88ed576ff572498e2de1644c,Unassigned
ddd2ba5f349bc89138bf51cb4ad4d1be,d__Bacteria;p__Firmicutes;c__Clostridia;o__Lachnospirales;f__Lachnospiraceae;g__Tyzzerella;s__
085fee69580d4128e51df76cc03942a6,d__Bacteria;p__Synergistota;c__Synergistia;o__Synergistales;f__Synergistaceae;g__Cloacibacillus;s__
c292c412cfa90e72e077dd3506f40130,d__Bacteria;p__Bacteroidota;c__Bacteroidia;o__Bacteroidales;f__Bacteroidaceae;g__Bacteroides;s__
d7bc03fcb3849a1c7139d23265742e85,d__Bacteria;p__Bacteroidota;c__Bacteroidia;o__Bacteroidales;f__Bacteroidaceae;g__Bacteroides;s__
578a1c92963d4ef4a866d4a466402095,d__Bacteria;p__Proteobacteria;c__Gammaproteobacteria;o__Burkholderiales
7aec776a0aa164716730554e8d0b8609,d__Bacteria;p__Proteobacteria;c__Gammaproteobacteria;o__Burkholderiales
d911de30bb2a81931aab9a3ee7ceed4c,d__Bacteria;p__Firmicutes;c__Clostridia;o__Oscillospirales;f__Oscillospiraceae;g__NK4A214_group;s__
187f4abc2d8db7ed79a1c1f7ad33dc43,d__Bacteria;p__Firmicutes;c__Clostridia;o__Lachnospirales;f__Lachnospiraceae
7f57d6d06212baedc07fce9945eb97f6,d__Bacteria;p__Verrucomicrobiota;c__Verrucomicrobiae;o__Verrucomicrobiales;f__Akkermansiaceae;g__Akkermansia;s__
4e78009c9a2d5ccaf62473d26eb5205a,d__Bacteria;p__Firmicutes;c__Clostridia;o__Lachnospirales;f__Lachnospiraceae
2ec18bb0c0fc3e5e97f4417855aebe93,d__Bacteria;p__Firmicutes;c__Clostridia;o__Oscillospirales;f__Ruminococcaceae;g__Candidatus_Soleaferrea;s__
56a9d9055f3b6e82d4cbcd5f400d340f,d__Bacteria;p__Firmicutes;c__Clostridia;o__Oscillospirales;f__Ruminococcaceae
49c194e049450c653fa842a82d006cfe,d__Bacteria;p__Firmicutes;c__Clostridia;o__Lachnospirales;f__Lachnospiraceae
4796f5fcc75f13fe62601af6cc2e7557,d__Bacteria;p__Synergistota;c__Synergistia;o__Synergistales;f__Synergistaceae;g__uncultured;s__
3ea607aaa8ba455c1c851c776c916921,d__Bacteria
b658de5394d5612ee0e9731b91d442bc,d__Bacteria;p__Bacteroidota;c__Bacteroidia;o__Bacteroidales;f__Rikenellaceae;g__Alistipes;s__
0001dea9146648bbfac1c3658e5e06f0,d__Bacteria;p__Firmicutes;c__Clostridia;o__Lachnospirales;f__Lachnospiraceae
afc0dd8b532128b1474893ededf60418,d__Bacteria;p__Desulfobacterota;c__Desulfovibrionia;o__Desulfovibrionales;f__Desulfovibrionaceae;g__Desulfovibrio;s__
46d046685d4f20391bc1089437ef3afc,d__Bacteria;p__Bacteroidota;c__Bacteroidia;o__Bacteroidales;f__Rikenellaceae;g__Alistipes;s__
a70a280a8fb19edc361a23619e594376,d__Bacteria;p__Bacteroidota;c__Bacteroidia;o__Bacteroidales
b07cad4235e65182bc35cd4ea728280a,d__Bacteria;p__Firmicutes;c__Clostridia;o__Oscillospirales;f__Oscillospiraceae
4256cb04ac1afcaaeee46b42eafdfe3b,d__Bacteria;p__Firmicutes;c__Clostridia;o__Lachnospirales;f__Lachnospiraceae
99ca8c46be0e79500e289b55ccd13791,d__Bacteria;p__Firmicutes;c__Clostridia;o__Lachnospirales;f__Lachnospiraceae
9b3c919b48728abc3ae2869249145eb8,d__Bacteria;p__Firmicutes;c__Clostridia;o__Lachnospirales;f__Lachnospiraceae
d8c520b00e0eb765fef1028a5b4aea87,d__Bacteria;p__Firmicutes;c__Clostridia;o__Lachnospirales;f__Lachnospiraceae
710a9f6ffc79d249ee8004052859d50a,d__Bacteria;p__Firmicutes;c__Clostridia;o__Lachnospirales;f__Lachnospiraceae
219b60b59980e4d387a545848dc21a64,d__Bacteria;p__Firmicutes;c__Clostridia;o__Lachnospirales;f__Lachnospiraceae
2f848cf1fd907bc5ccebaf838fa3c859,d__Bacteria;p__Firmicutes;c__Clostridia;o__Oscillospirales;f__Ruminococcaceae;g__Candidatus_Soleaferrea;s__
642944e5a8c90b2fc36663549696ca1f,d__Bacteria;p__Desulfobacterota;c__Desulfovibrionia;o__Desulfovibrionales;f__Desulfovibrionaceae;g__Desulfovibrio;s__
2932019b7d6fca0d2d40d797b8835bbe,d__Bacteria;p__Firmicutes;c__Clostridia;o__Lachnospirales;f__Lachnospiraceae
5f13f0c5102aed0cb12092a1b7214a67,d__Bacteria;p__Actinobacteriota;c__Coriobacteriia;o__Coriobacteriales
15f0bf4c64a015a52295c251976fd1fe,d__Bacteria;p__Firmicutes;c__Clostridia;o__Lachnospirales;f__Lachnospiraceae
9bb0712cb80dd7b69309e18b20d660c1,d__Bacteria;p__Firmicutes;c__Clostridia;o__Oscillospirales;f__Oscillospiraceae;g__NK4A214_group;s__
e588eaf4f9e99c7f6d329a174039121b,d__Bacteria;p__Firmicutes;c__Clostridia;o__Oscillospirales;f__[Eubacterium]_coprostanoligenes_group;g__[Eubacterium]_coprostanoligenes_group;s__
ebc39849da3bc427ea5da12db1a41d20,d__Bacteria;p__Firmicutes;c__Clostridia;o__Oscillospirales;f__Oscillospiraceae;g__NK4A214_group;s__
ef7dc54051d33f9cda9f39a535e473d3,d__Bacteria;p__Planctomycetota;c__vadinHA49;o__vadinHA49;f__vadinHA49;g__vadinHA49;s__
dc76262e4dad6fe9cf21780c66a1b6d1,d__Bacteria;p__Actinobacteriota;c__Coriobacteriia;o__Coriobacteriales;f__Coriobacteriales_Incertae_Sedis;g__uncultured;s__
3965aa332add19ae333743e9144cfcd8,d__Bacteria;p__Firmicutes;c__Clostridia;o__Oscillospirales;f__Oscillospiraceae
e3dbfc139d4f3606fbf13ba595462de2,d__Bacteria;p__Planctomycetota;c__vadinHA49;o__vadinHA49;f__vadinHA49;g__vadinHA49;s__
fb32d17e11d28a6b985768cdd190542b,d__Bacteria;p__Firmicutes;c__Clostridia;o__Oscillospirales;f__[Eubacterium]_coprostanoligenes_group;g__[Eubacterium]_coprostanoligenes_group;s__
d1bff30c7406b95a6f2832ac78a75fe7,d__Bacteria;p__Firmicutes;c__Clostridia;o__Oscillospirales;f__Oscillospiraceae;g__NK4A214_group;s__
dbdef6aec3ecc539c056552b4e353566,d__Bacteria;p__Firmicutes;c__Clostridia;o__Oscillospirales;f__Ruminococcaceae;g__Ruminococcus;s__
084a1c00280117d4977e3ba28e12026c,d__Bacteria;p__Proteobacteria;c__Gammaproteobacteria;o__Burkholderiales
984643a1fbfa21bafda086c94e36e3d5,d__Bacteria;p__Planctomycetota;c__vadinHA49;o__vadinHA49;f__vadinHA49;g__vadinHA49;s__
1061615c9eb0f362f29ad730a535b335,d__Bacteria;p__Desulfobacterota;c__Desulfovibrionia;o__Desulfovibrionales;f__Desulfovibrionaceae;g__Desulfovibrio;s__
83cbba450bbb9382bd3960ea2d7d362e,d__Bacteria;p__Actinobacteriota;c__Coriobacteriia;o__Coriobacteriales;f__Coriobacteriales_Incertae_Sedis;g__uncultured;s__
37391334e6c9938ae4c466384789db4a,d__Bacteria;p__Firmicutes;c__Clostridia;o__Oscillospirales;f__Ruminococcaceae;g__Incertae_Sedis;s__
fb491c5a63866b1e29d8508d737a553a,d__Bacteria;p__Firmicutes;c__Clostridia;o__Oscillospirales;f__Ruminococcaceae;g__Incertae_Sedis;s__
9d249504bd4481b1cb99b5833ee07abb,d__Bacteria;p__Bacteroidota;c__Bacteroidia;o__Bacteroidales;f__Rikenellaceae;g__Alistipes;s__
2af80b2c9a25b0607ecbbf3ffd966f6f,d__Bacteria;p__Cyanobacteria;c__Cyanobacteriia;o__Chloroplast;f__Chloroplast;g__Chloroplast;s__
6ef380e59eee16115ad00d84ecc87da5,d__Bacteria;p__Firmicutes;c__Clostridia
38fec4c584bdfd74c1c525ab750d074f,d__Bacteria;p__Firmicutes;c__Clostridia;o__Oscillospirales;f__Ruminococcaceae;g__Ruminococcus;s__
ad6a750faa3459ef0a7e97e85d3a05a0,d__Bacteria;p__Bacteroidota;c__Bacteroidia;o__Bacteroidales
86f24a60e140327ea67efe7ccb8cfea4,d__Bacteria;p__Firmicutes;c__Clostridia;o__Oscillospirales;f__Ruminococcaceae;g__Candidatus_Soleaferrea;s__
697a1759166df7c5c831c2fb7e52e84f,d__Bacteria;p__Cyanobacteria;c__Cyanobacteriia;o__Chloroplast;f__Chloroplast;g__Chloroplast;s__
56ea2ac9ed07f71c1e034eea70cebfbe,d__Bacteria;p__Firmicutes;c__Bacilli;o__Staphylococcales;f__Staphylococcaceae;g__Staphylococcus;s__
d29992691418ddf1e05cdab3bab1b656,d__Bacteria;p__Proteobacteria;c__Gammaproteobacteria;o__Burkholderiales
bbc0714337d9ffee0317e935893fc332,Unassigned
7b0b5ffb8fab4e2d0b277070b72fb000,d__Bacteria;p__Proteobacteria;c__Gammaproteobacteria;o__Diplorickettsiales;f__Diplorickettsiaceae;g__Rickettsiella;s__
34a921e384856ec5f767ee73813dcdfc,d__Bacteria;p__Firmicutes;c__Clostridia;o__Oscillospirales;f__Oscillospiraceae;g__NK4A214_group;s__
0004cc24a0bc66748d3ba9137ffa2828,d__Bacteria;p__Cyanobacteria;c__Cyanobacteriia;o__Chloroplast;f__Chloroplast;g__Chloroplast;s__
e1afe5b5ff557c83b9ea8ca30193d50c,d__Bacteria;p__Proteobacteria;c__Gammaproteobacteria;o__Diplorickettsiales;f__Diplorickettsiaceae;g__Rickettsiella;s__
de140c12be0cefbf32970f556b8ea5bf,d__Bacteria;p__Firmicutes;c__Clostridia;o__Oscillospirales;f__UCG-010;g__UCG-010;s__
dbddb62a5dc3fc619b8bf098d7e70ace,d__Bacteria;p__Firmicutes;c__Clostridia;o__Oscillospirales;f__UCG-010;g__UCG-010;s__
d4321d53557c4d206e80f4b87361554a,d__Bacteria;p__Firmicutes;c__Clostridia;o__Lachnospirales;f__Lachnospiraceae;g__Tyzzerella;s__
6933f4263e28e4ecb361718931e2735e,d__Bacteria;p__Firmicutes;c__Clostridia;o__Lachnospirales;f__Lachnospiraceae
b56b9a63450b59c1e60a5825f9199201,d__Bacteria;p__Firmicutes;c__Clostridia;o__Oscillospirales;f__UCG-010;g__UCG-010;s__
28619987601da6c01ec33eab4580de46,d__Bacteria;p__Firmicutes;c__Clostridia;o__Lachnospirales;f__Lachnospiraceae;g__Tyzzerella;s__
4c78aff5bb0ae24d65b89c0123917343,d__Bacteria;p__Firmicutes;c__Clostridia;o__Lachnospirales;f__Lachnospiraceae
98c2b24cd245efd1a745293bfda4a373,d__Bacteria;p__Firmicutes;c__Clostridia;o__Oscillospirales;f__Oscillospiraceae
9d94e54749f94a4f4333390e722108a7,d__Bacteria;p__Planctomycetota;c__vadinHA49;o__vadinHA49;f__vadinHA49;g__vadinHA49;s__
b586815f3776dd2e774fc58f6cb450a5,d__Bacteria;p__Firmicutes;c__Clostridia;o__Lachnospirales;f__Lachnospiraceae
acc1ee4e7944d91b9ee4b9313b637db9,d__Bacteria;p__Firmicutes;c__Clostridia;o__Lachnospirales;f__Lachnospiraceae;g__Tyzzerella;s__
3a8fd757b08700f5e71c26811c2bd817,d__Bacteria;p__Bacteroidota;c__Bacteroidia;o__Bacteroidales;f__Bacteroidaceae;g__Bacteroides;s__
c7c15edd9ed259e8810e590bde5e9dd3,Unassigned
a2194bdd2fab98c2b11c101514b91153,d__Bacteria;p__Firmicutes;c__Clostridia;o__Lachnospirales;f__Lachnospiraceae
97b23ffe2a07ef43f64c07f8a064dff9,Unassigned
507e6f32d14ae4a486ad7efec724b25b,d__Bacteria;p__Bacteroidota;c__Bacteroidia;o__Bacteroidales;f__Muribaculaceae;g__Muribaculaceae;s__
3bef2292e07d9c150b8ba3f0ddabff61,d__Bacteria;p__Firmicutes;c__Clostridia;o__Lachnospirales;f__Lachnospiraceae
790fca52db5a56b693ecd3b3934b0b11,d__Bacteria;p__Bacteroidota;c__Bacteroidia;o__Bacteroidales;f__Muribaculaceae;g__Muribaculaceae;s__
b3c3f04c79d27c51875fa5f9fdb516f1,d__Bacteria;p__Bacteroidota;c__Bacteroidia;o__Bacteroidales;f__Muribaculaceae;g__Muribaculaceae;s__
8f7320c3f1b849b8050630728a884454,d__Bacteria;p__Firmicutes;c__Clostridia;o__Lachnospirales;f__Lachnospiraceae
72c4072de8fe09f82a4b089802694908,d__Bacteria;p__Bacteroidota;c__Bacteroidia;o__Bacteroidales;f__Muribaculaceae;g__Muribaculaceae;s__
609ddc17da5099cc9782d5a32fceac07,d__Bacteria;p__Bacteroidota;c__Bacteroidia;o__Bacteroidales;f__Muribaculaceae;g__Muribaculaceae;s__
e987b8c537485e86ee50edc752adfceb,d__Bacteria;p__Firmicutes;c__Clostridia;o__Lachnospirales;f__Lachnospiraceae
f8d562ca3a6d91106928dd5ef3877cf1,d__Bacteria;p__Firmicutes;c__Clostridia;o__Monoglobales;f__Monoglobaceae;g__Monoglobus;s__
6b0d029ab46ee7cde3f63693d16d6dd2,d__Bacteria;p__Firmicutes;c__Clostridia;o__Lachnospirales;f__Lachnospiraceae
615de0bec1dfd44f9791c79d90a087a0,d__Bacteria;p__Bacteroidota;c__Bacteroidia;o__Bacteroidales
c6c769edddf8cb5a2f8704e2ab9314f8,d__Bacteria;p__Firmicutes;c__Clostridia;o__Lachnospirales;f__Lachnospiraceae
25bbe8e05ba3d90b2f59ad9cfe36c145,d__Bacteria;p__Firmicutes;c__Clostridia;o__Oscillospirales;f__Oscillospiraceae;g__NK4A214_group;s__
27e42e3ffc8d078a62349000af693c1b,d__Bacteria;p__Firmicutes;c__Clostridia;o__Monoglobales;f__Monoglobaceae;g__Monoglobus;s__
1df0b2c8971e8bdfbae3d35324fcf90c,d__Bacteria;p__Firmicutes;c__Clostridia;o__Lachnospirales;f__Lachnospiraceae
f8b114c27cff3502986d30c95dec62e4,d__Bacteria;p__Firmicutes;c__Clostridia;o__Oscillospirales;f__Oscillospiraceae
b35562619cc153307a57a29c2cf4d234,d__Bacteria;p__Firmicutes;c__Clostridia;o__Lachnospirales;f__Lachnospiraceae
1520f726b08759a8eaf23fe244cbccbb,d__Bacteria;p__Firmicutes;c__Clostridia;o__Lachnospirales;f__Lachnospiraceae
4328cc8e0fb3baf1502ab2023d1d1651,d__Bacteria;p__Firmicutes;c__Bacilli;o__Lactobacillales;f__Enterococcaceae;g__Enterococcus;s__
ccd1806ec3485e08534b6d37aac76a35,d__Bacteria;p__Firmicutes;c__Bacilli;o__Lactobacillales;f__Enterococcaceae;g__Enterococcus;s__
4a077589f68f00545405f89ba62eff8d,d__Bacteria;p__Bacteroidota;c__Bacteroidia;o__Bacteroidales;f__Muribaculaceae;g__Muribaculaceae;s__
ecfc401116fec38c4298c8436e14e189,d__Bacteria;p__Firmicutes;c__Clostridia;o__Oscillospirales;f__Oscillospiraceae
b9db61c90f92ea4142bf30ea6c63de3c,d__Bacteria;p__Bacteroidota;c__Bacteroidia;o__Bacteroidales;f__Muribaculaceae;g__Muribaculaceae;s__
00b3f659a5a930cba9aa3736ff8d6d9a,d__Bacteria;p__Firmicutes;c__Clostridia;o__Lachnospirales;f__Lachnospiraceae
33806c2d5c7adc76ddbe731975cc16a8,d__Bacteria;p__Bacteroidota;c__Bacteroidia;o__Bacteroidales;f__Muribaculaceae;g__Muribaculaceae;s__
1d222c2e3c3adfa1d69dde20a4f7f529,d__Bacteria;p__Bacteroidota;c__Bacteroidia;o__Bacteroidales;f__Muribaculaceae;g__Muribaculaceae;s__
c6175477ea3158fbb6568c7956c18536,d__Bacteria;p__Firmicutes;c__Clostridia;o__Oscillospirales;f__Ruminococcaceae
96d857a513fe476ea7bbcdbc3fb41f16,d__Bacteria;p__Firmicutes;c__Clostridia;o__Oscillospirales;f__Oscillospiraceae;g__uncultured;s__
af322ed6c834c9e1c9cc5d0d18b385d7,d__Bacteria;p__Firmicutes;c__Negativicutes;o__Acidaminococcales;f__Acidaminococcaceae;g__Phascolarctobacterium;s__
d80ff7d250324a16b7a0fe3de8fe0ab0,d__Bacteria;p__Firmicutes;c__Clostridia;o__Oscillospirales;f__Oscillospiraceae
ff623008d4d776fb31983f99a6750702,Unassigned
48b59e9af5442b006bc7cb0aa516177c,d__Bacteria;p__Firmicutes;c__Clostridia;o__Lachnospirales;f__Lachnospiraceae
c06d50fa1321bb125fb81aa7e4d9d122,d__Bacteria;p__Firmicutes;c__Clostridia;o__Oscillospirales;f__Ruminococcaceae
7699ce81f7446d94c93872a158bc9ab9,d__Bacteria;p__Bacteroidota;c__Bacteroidia;o__Bacteroidales;f__Rikenellaceae;g__Alistipes;s__
9e3bf2ba99244dbf78e11ba266f7f050,d__Bacteria;p__Firmicutes;c__Clostridia;o__Lachnospirales;f__Lachnospiraceae;g__Sellimonas;s__
798338dda688524b614cef37e284f37b,d__Bacteria;p__Firmicutes;c__Clostridia;o__Lachnospirales;f__Lachnospiraceae;g__Tyzzerella;s__
ffb71bde6cbaf7a9a2d1fdddc0d54f6a,d__Bacteria;p__Cyanobacteria;c__Vampirivibrionia;o__Gastranaerophilales;f__Gastranaerophilales;g__Gastranaerophilales;s__
90d573656a97faac223c112802f8aee3,d__Bacteria;p__Firmicutes;c__Clostridia;o__Lachnospirales;f__Lachnospiraceae;g__Tyzzerella;s__
d37fb3196505521ea4eb4fff7c3559a7,d__Bacteria;p__Cyanobacteria;c__Vampirivibrionia;o__Gastranaerophilales;f__Gastranaerophilales;g__Gastranaerophilales;s__
a2423b41f3c4566f09a8d684787d614c,d__Bacteria;p__Bacteroidota;c__Bacteroidia;o__Bacteroidales
52a0cb82e8c05c8dd17f905da7f6d863,d__Bacteria;p__Actinobacteriota;c__Coriobacteriia;o__Coriobacteriales
bb8ef26c889ed43085d4ccf7d4d3dbc6,d__Bacteria;p__Firmicutes;c__Clostridia;o__Lachnospirales;f__Lachnospiraceae;g__Tyzzerella;s__
041b3de1e5de92d83c1e16e1b0fd024f,d__Bacteria;p__Firmicutes;c__Clostridia;o__Oscillospirales;f__Oscillospiraceae;g__NK4A214_group;s__
5791b3638593f8f926fefa58aef7338b,d__Bacteria;p__Firmicutes;c__Clostridia;o__Lachnospirales;f__Lachnospiraceae
4b08fce277f1a6029e3b0d5ffa90e3ed,d__Bacteria;p__Firmicutes;c__Clostridia;o__Oscillospirales;f__Oscillospiraceae;g__NK4A214_group;s__
14605ebbfeac3a9c555ca91ffa6657ab,d__Bacteria;p__Firmicutes;c__Clostridia;o__Lachnospirales;f__Lachnospiraceae;g__Tyzzerella;s__
893b56bdd02ce8582c6765b69f414597,d__Bacteria;p__Firmicutes;c__Clostridia;o__Oscillospirales;f__Ruminococcaceae
7bd4c2f9749012579e80eb79b5fdc6d4,d__Bacteria;p__Fusobacteriota;c__Fusobacteriia;o__Fusobacteriales;f__Fusobacteriaceae;g__Fusobacterium;s__
7b932089be73530955cca008ab9ea0e3,d__Bacteria;p__Firmicutes;c__Clostridia;o__Oscillospirales;f__Oscillospiraceae
7c589357afae00ae69f66e5290a5b349,d__Bacteria;p__Firmicutes;c__Clostridia;o__Lachnospirales;f__Lachnospiraceae
8f0ce60ac0ce2afc69664d44af69ec67,d__Bacteria;p__Firmicutes;c__Clostridia;o__Lachnospirales;f__Lachnospiraceae;g__Tyzzerella;s__
14c1948c6d384aab433178b8f80813d3,d__Bacteria;p__Proteobacteria;c__Gammaproteobacteria;o__Burkholderiales
37ca9d973da0f9e9b2742feafee470f8,d__Bacteria;p__Firmicutes;c__Clostridia;o__Oscillospirales;f__Oscillospiraceae
6a03614d92efb6a3b8b6521d9d35dd22,d__Bacteria;p__Planctomycetota;c__vadinHA49;o__vadinHA49;f__vadinHA49;g__vadinHA49;s__
c49de8d14b8afda34f54175d3f49e95d,d__Bacteria;p__Firmicutes;c__Clostridia;o__Lachnospirales;f__Lachnospiraceae
db1ec8f04b5dec453b4e64bd1aa2bd8a,d__Bacteria;p__Firmicutes;c__Clostridia;o__Oscillospirales;f__Ruminococcaceae;g__Ruminococcus;s__
e85f8f82fd98c3d6e78615b84ea82faf,d__Bacteria;p__Firmicutes;c__Clostridia;o__Lachnospirales;f__Lachnospiraceae;g__Roseburia;s__
8ab8e114653396e0d2c5f5e82d7c4e2c,d__Bacteria;p__Firmicutes;c__Clostridia;o__Oscillospirales;f__Oscillospiraceae
b5a8628d5c1f7bb2e55548eb34d12d9c,d__Bacteria;p__Firmicutes;c__Clostridia;o__Oscillospirales;f__Ruminococcaceae;g__Ruminococcus;s__
ee4ba8da43da583397dcc42dfc0fbd50,d__Bacteria;p__Firmicutes;c__Clostridia;o__Lachnospirales;f__Lachnospiraceae
236379cec17f36208a45345a03d5106b,d__Bacteria;p__Firmicutes;c__Clostridia;o__Lachnospirales;f__Lachnospiraceae
3250cfa56d9bc51c930d09de5d8bf011,d__Bacteria;p__Firmicutes;c__Clostridia;o__Oscillospirales;f__Oscillospiraceae;g__Colidextribacter;s__
335e350db58fa09136be1263f06c59a4,d__Bacteria;p__Firmicutes;c__Clostridia;o__Lachnospirales;f__Lachnospiraceae;g__Roseburia;s__
fe1c533beb69cf182ab67b8ee210277a,d__Bacteria;p__Firmicutes;c__Clostridia;o__Oscillospirales;f__Oscillospiraceae
a91a50bfb16ca81a6cbad31de5c43eaa,d__Bacteria;p__Firmicutes;c__Clostridia;o__Lachnospirales;f__Lachnospiraceae
48359876244dc31e06e56c57987584e6,d__Bacteria;p__Firmicutes;c__Clostridia;o__Lachnospirales;f__Lachnospiraceae
28d4de3c3a12b342bcd43462166d6349,d__Bacteria;p__Firmicutes;c__Clostridia;o__Lachnospirales;f__Lachnospiraceae
b82a55e8cd1c6b2a010d7cd17aa348d2,d__Bacteria;p__Firmicutes;c__Clostridia;o__Oscillospirales;f__Ruminococcaceae;g__Ruminococcus;s__
4c2e7fd99bd660470825b86c04cf3315,d__Bacteria;p__Firmicutes;c__Clostridia;o__Oscillospirales;f__Ruminococcaceae
16fb33554beb1685623e14804ffb9ae3,d__Bacteria;p__Firmicutes;c__Syntrophomonadia;o__Syntrophomonadales;f__Syntrophomonadaceae
5f1a380e818ec112d253c70e8ed9af90,d__Bacteria;p__Firmicutes;c__Clostridia;o__Lachnospirales;f__Lachnospiraceae
57e4a136148b8d0ce66b78ac395b8dfd,d__Bacteria;p__Firmicutes;c__Bacilli;o__Erysipelotrichales;f__Erysipelatoclostridiaceae
135b12f922e028b1a502641b56b840cf,d__Bacteria;p__Cyanobacteria;c__Vampirivibrionia;o__Gastranaerophilales;f__Gastranaerophilales;g__Gastranaerophilales;s__
a790c2b61860bd71ba895369cb1af1af,d__Bacteria;p__Firmicutes;c__Clostridia;o__Lachnospirales;f__Lachnospiraceae
a59da90c9e65779351efb88210cce34c,d__Bacteria;p__Firmicutes;c__Clostridia;o__Monoglobales;f__Monoglobaceae;g__Monoglobus;s__
2371d1fcd1f69688b7eef10935d1abb3,d__Bacteria;p__Firmicutes;c__Clostridia;o__Peptostreptococcales-Tissierellales;f__Anaerovoracaceae;g__Family_XIII_UCG-001;s__
4cac3bd188b674deb71d02fcf19ef07e,d__Bacteria;p__Firmicutes;c__Clostridia;o__Lachnospirales;f__Lachnospiraceae;g__Catenibacillus;s__
6a220ec23c93e81d68ff3422dd33e10a,d__Bacteria;p__Firmicutes;c__Clostridia;o__Monoglobales;f__Monoglobaceae;g__Monoglobus;s__
da39bb6cd499866cf60016ee1579b2fc,d__Bacteria;p__Firmicutes;c__Clostridia;o__Monoglobales;f__Monoglobaceae;g__Monoglobus;s__
2d0e84d39ecd58d129cfeb2d74bc9324,d__Bacteria;p__Firmicutes;c__Clostridia;o__Monoglobales;f__Monoglobaceae;g__Monoglobus;s__
bd58164276d5a1f534882fe7e8306b75,d__Bacteria;p__Proteobacteria;c__Gammaproteobacteria;o__Enterobacterales
8b889d394dddc618315dd36b29576224,d__Bacteria;p__Proteobacteria;c__Gammaproteobacteria;o__Enterobacterales;f__Yersiniaceae;g__Serratia;s__
ec9c5fdb5445fa954365699f5946a840,d__Bacteria;p__Bacteroidota;c__Bacteroidia;o__Bacteroidales;f__Rikenellaceae;g__Alistipes;s__
7f18f4326a869aa2e5eff8551b972f12,d__Bacteria;p__Proteobacteria;c__Gammaproteobacteria;o__Enterobacterales;f__Yersiniaceae
9913e16353e643a9d1715c381351b02f,d__Bacteria;p__Proteobacteria;c__Gammaproteobacteria;o__Burkholderiales;f__Burkholderiaceae;g__Burkholderia-Caballeronia-Paraburkholderia;s__
02482fd0f30cda8f49a6802e5bbbabce,d__Bacteria;p__Proteobacteria;c__Alphaproteobacteria;o__Sphingomonadales;f__Sphingomonadaceae;g__Sphingomonas;s__
e5808c8fa7b0ab72afe760fb2be3b4f2,d__Bacteria;p__Proteobacteria;c__Gammaproteobacteria;o__Enterobacterales;f__Yersiniaceae;g__Serratia;s__
af4b56abb8f9ace4b48938fa5d4a535a,d__Bacteria;p__Desulfobacterota;c__Desulfovibrionia;o__Desulfovibrionales;f__Desulfovibrionaceae
9e1690599d012804a5d02d99404a3ae9,d__Bacteria;p__Proteobacteria;c__Gammaproteobacteria;o__Burkholderiales;f__Burkholderiaceae;g__Robbsia;s__
f8bbd383377b0a37ea729dea758931d2,d__Bacteria;p__Proteobacteria;c__Gammaproteobacteria;o__Burkholderiales;f__Burkholderiaceae;g__Burkholderia-Caballeronia-Paraburkholderia;s__
93d8ea2b960230175d1474a4e77dbe15,d__Bacteria;p__Proteobacteria;c__Alphaproteobacteria;o__Acetobacterales;f__Acetobacteraceae;g__Acidisoma;s__
01e5398f3b017752e6ee11516018da9b,d__Bacteria;p__Proteobacteria;c__Gammaproteobacteria;o__Burkholderiales;f__Burkholderiaceae;g__Robbsia;s__
f60fb8e95e520e64ba18ec406db00a58,d__Bacteria;p__Proteobacteria;c__Gammaproteobacteria;o__Enterobacterales;f__Yersiniaceae
1e2b8992f25bb243443397459d6cd40a,d__Bacteria;p__Bacteroidota;c__Bacteroidia;o__Bacteroidales;f__Tannerellaceae;g__Parabacteroides;s__
f7d85e8d5a094efeada7010272a04923,d__Bacteria;p__Proteobacteria;c__Gammaproteobacteria;o__Burkholderiales;f__Burkholderiaceae;g__Burkholderia-Caballeronia-Paraburkholderia;s__
6008d21725ff7303bbfa2392b0db6a76,d__Bacteria;p__Firmicutes;c__Bacilli;o__Lactobacillales;f__Enterococcaceae
bd70088f53ef6f5e3798b4684fa26222,d__Bacteria;p__Bacteroidota;c__Bacteroidia;o__Bacteroidales
beca73ec705b15c23218511db56ecf41,d__Bacteria;p__Firmicutes;c__Clostridia;o__Lachnospirales;f__Lachnospiraceae
3f65228a26500c1069237eafae0d63ff,d__Bacteria;p__Bacteroidota;c__Bacteroidia;o__Bacteroidales;f__Prevotellaceae
9492f8c4c98c5fa5239f7e38aba3965c,d__Bacteria;p__Actinobacteriota;c__Actinobacteria;o__Actinomycetales;f__Actinomycetaceae;g__Actinomyces;s__
08ef620e204e8cf489f6a6ac3f3c5913,d__Bacteria;p__Firmicutes;c__Bacilli;o__Lactobacillales;f__Streptococcaceae;g__Streptococcus;s__
d3bcde228550f3e6e8374f0e2894f5aa,d__Bacteria;p__Firmicutes;c__Clostridia;o__Oscillospirales;f__[Clostridium]_methylpentosum_group;g__[Clostridium]_methylpentosum_group;s__
852554a5209460520b0cecda589b7444,d__Bacteria;p__Actinobacteriota;c__Coriobacteriia;o__Coriobacteriales
0f65738e7da6fd6ce12677e908f26d29,d__Bacteria;p__Firmicutes;c__Clostridia;o__Oscillospirales;f__[Clostridium]_methylpentosum_group;g__[Clostridium]_methylpentosum_group;s__
804eabba4d0a909ff16025f6e79ad110,d__Bacteria;p__Actinobacteriota;c__Coriobacteriia;o__Coriobacteriales
d56e85142b77b036bafc1770a173a89e,d__Bacteria;p__Actinobacteriota;c__Coriobacteriia;o__Coriobacteriales
59ee8b452fe63a2049fd97438940033f,d__Bacteria;p__Firmicutes;c__Clostridia;o__Oscillospirales;f__UCG-010;g__UCG-010;s__
eaf086ba4f782954e79b39254dbabd4f,d__Bacteria;p__Proteobacteria;c__Gammaproteobacteria;o__Enterobacterales;f__Pasteurellaceae;g__Lonepinella;s__
dd8067cfdbf8ffa387c6bcb16415c9b3,d__Bacteria;p__Proteobacteria;c__Gammaproteobacteria;o__Pseudomonadales;f__Pseudomonadaceae;g__Pseudomonas;s__
83511f116a6738ad993855f8f22e445b,d__Bacteria;p__Proteobacteria;c__Gammaproteobacteria;o__Pseudomonadales;f__Pseudomonadaceae;g__Pseudomonas;s__
8537ed83c90a7f0432321a45984f61f2,d__Bacteria;p__Proteobacteria;c__Gammaproteobacteria;o__Enterobacterales;f__Yersiniaceae
7b830022dd321dfde300b74e8054cecf,d__Bacteria;p__Proteobacteria;c__Gammaproteobacteria;o__Pseudomonadales;f__Pseudomonadaceae;g__Pseudomonas;s__
40c0bebbcd6cdae1d8024d80fafacbee,d__Bacteria;p__Proteobacteria;c__Gammaproteobacteria;o__Pseudomonadales;f__Pseudomonadaceae;g__Pseudomonas;s__
ed0d11d16ac6b2e302c69ede8278bb7f,d__Bacteria;p__Proteobacteria;c__Gammaproteobacteria;o__Enterobacterales;f__Yersiniaceae
e1b5bad0c236241852af6395023e5d6b,d__Bacteria;p__Proteobacteria;c__Gammaproteobacteria;o__Enterobacterales;f__Yersiniaceae
94f4a35de89bc5b2321fb7abb5122ccb,d__Bacteria;p__Proteobacteria;c__Gammaproteobacteria;o__Pseudomonadales;f__Pseudomonadaceae;g__Pseudomonas;s__
9f139b0fba3e776b3c163c2cf07436a5,d__Bacteria;p__Proteobacteria;c__Gammaproteobacteria;o__Pseudomonadales;f__Pseudomonadaceae;g__Pseudomonas;s__
8ba7462e662731488f1f4bcf8dab2e96,d__Bacteria;p__Proteobacteria;c__Gammaproteobacteria;o__Enterobacterales;f__Yersiniaceae
341f16789d4cc74c2c41c3e09f00834b,d__Bacteria;p__Firmicutes;c__Clostridia;o__Oscillospirales;f__Oscillospiraceae
0c217ac127eb93ffa32d3dd7bd8faade,d__Bacteria;p__Firmicutes;c__Clostridia;o__Clostridia_vadinBB60_group;f__Clostridia_vadinBB60_group;g__Clostridia_vadinBB60_group;s__
96822ad1b85268adb19661ec8a9d5272,d__Bacteria;p__Firmicutes;c__Clostridia;o__Lachnospirales;f__Lachnospiraceae
4e7104f39e07dc38829227cc16b3d72d,d__Bacteria;p__Firmicutes;c__Clostridia;o__Lachnospirales;f__Lachnospiraceae;g__Blautia;s__
447cde8acc7a4b7fed8a3b0505586dfa,d__Bacteria;p__Firmicutes;c__Clostridia;o__Oscillospirales;f__UCG-010;g__UCG-010;s__
a97ef6711b7c64d5f63d554731e4d4e5,d__Bacteria;p__Proteobacteria;c__Gammaproteobacteria;o__Pseudomonadales;f__Pseudomonadaceae;g__Pseudomonas;s__
e88b00ce36fd407c1a3f90a0b13fbda9,d__Bacteria;p__Firmicutes;c__Clostridia;o__Oscillospirales;f__Oscillospiraceae
613ae2933b46c52266e5021f2e19dfd1,d__Bacteria;p__Proteobacteria;c__Gammaproteobacteria;o__Enterobacterales;f__Enterobacteriaceae
468674a45bcaacfb325e1dffa957061a,d__Bacteria;p__Firmicutes;c__Clostridia;o__Lachnospirales;f__Lachnospiraceae
7da60bcf8c71cf4899fae37c2de1f852,d__Bacteria;p__Firmicutes;c__Clostridia;o__Lachnospirales;f__Lachnospiraceae
7e540c78bfea35829ebfe349b9497d21,d__Bacteria;p__Firmicutes;c__Clostridia;o__Lachnospirales;f__Lachnospiraceae
14b73de7c96dd634029133d2acfb1155,d__Bacteria;p__Firmicutes;c__Clostridia;o__Clostridia_vadinBB60_group;f__Clostridia_vadinBB60_group;g__Clostridia_vadinBB60_group;s__
9f1f5e6768dada2ccf0702b2234797f5,d__Bacteria;p__Proteobacteria;c__Gammaproteobacteria;o__Enterobacterales;f__Enterobacteriaceae
64ff6b044de20953c69b7376553a7799,d__Bacteria;p__Firmicutes;c__Clostridia;o__Oscillospirales
487ea39aeeca3dd79bd5332bc578c456,d__Bacteria;p__Firmicutes;c__Clostridia;o__Clostridia_vadinBB60_group;f__Clostridia_vadinBB60_group;g__Clostridia_vadinBB60_group;s__
b728d9c3f0142985dfb8f6c49fdf213f,d__Bacteria;p__Firmicutes;c__Clostridia;o__Lachnospirales;f__Lachnospiraceae
e058b96a44d7f81693237ea800e4eb18,d__Bacteria;p__Bacteroidota;c__Bacteroidia;o__Bacteroidales;f__Muribaculaceae;g__Muribaculaceae;s__
154d85d8b6644bf1ad03055ae2632e22,Unassigned
c4be4f8e967a0a6588997af2775678be,d__Bacteria;p__Firmicutes;c__Clostridia;o__Lachnospirales;f__Lachnospiraceae
f159dba1b264c49b76a1c58c9f9ef3ba,d__Bacteria;p__Firmicutes;c__Clostridia;o__Oscillospirales;f__Ruminococcaceae;g__Ruminococcus;s__
93ec6849acf0475acee2f4b275a5276b,d__Bacteria;p__Firmicutes;c__Clostridia;o__Oscillospirales;f__Oscillospiraceae;g__NK4A214_group;s__
30ac74666e4666caf75ebb60683b317b,d__Bacteria;p__Firmicutes;c__Clostridia;o__Lachnospirales;f__Lachnospiraceae
044340b445d480dff3684cc42d3e64e5,d__Bacteria;p__Bacteroidota;c__Bacteroidia;o__Bacteroidales;f__Tannerellaceae;g__Parabacteroides;s__
4728ff6880e0c60968bff160da511165,d__Bacteria;p__Firmicutes;c__Clostridia;o__Lachnospirales;f__Lachnospiraceae
9376170d70d258bece6c6fb3e9473175,d__Bacteria;p__Firmicutes;c__Clostridia;o__Oscillospirales;f__Oscillospiraceae;g__NK4A214_group;s__
751393ed41751155867b54208da72a9e,d__Bacteria;p__Firmicutes;c__Clostridia;o__Oscillospirales;f__Oscillospiraceae
84ff7138ac5a1ecc20551489e7370537,d__Bacteria;p__Actinobacteriota;c__Coriobacteriia;o__Coriobacteriales
78909f172655b306a068bf2a90417d6b,d__Bacteria;p__Bacteroidota;c__Bacteroidia;o__Bacteroidales;f__Muribaculaceae;g__Muribaculaceae;s__
f47c9daadbfe267b7d090c44c83e99ff,d__Bacteria;p__Bacteroidota;c__Bacteroidia;o__Bacteroidales;f__Muribaculaceae;g__Muribaculaceae;s__
a202c457927e791d77ccda5625c31b68,d__Bacteria;p__Firmicutes;c__Clostridia;o__Oscillospirales;f__Butyricicoccaceae;g__uncultured;s__
7280e88d26f06a3e9269e34f0cb2a5ca,d__Bacteria;p__Proteobacteria;c__Gammaproteobacteria;o__Enterobacterales
97cbc35b2ed10676b9ba3eb3d17edde0,d__Bacteria;p__Proteobacteria;c__Gammaproteobacteria;o__Burkholderiales
c3b5c8b7c7b0d694e615e3d357b3073d,d__Bacteria;p__Firmicutes;c__Clostridia;o__Oscillospirales;f__Ruminococcaceae;g__Ruminococcus;s__
ec5bc6afe43c40ccd7dbe26d94b8b929,d__Bacteria;p__Firmicutes;c__Clostridia;o__Lachnospirales;f__Lachnospiraceae
1ddf5fcda9cb15059518bad3397dc4e7,d__Bacteria;p__Firmicutes;c__Clostridia;o__Oscillospirales;f__Oscillospiraceae
01747939ec79ff330a7090dc3f9ebb3b,d__Bacteria;p__Firmicutes;c__Clostridia;o__Lachnospirales;f__Lachnospiraceae
6457b3d6a551197e4994109da7880d8e,d__Bacteria;p__Firmicutes;c__Clostridia
b387e01d96d03ab653f3fdfc0cc59f9c,d__Bacteria;p__Firmicutes;c__Clostridia;o__Oscillospirales;f__Ruminococcaceae;g__Ruminococcus;s__
6bbb7c4beff6bf1202d01779707ae0f2,d__Bacteria;p__Firmicutes;c__Clostridia;o__Oscillospirales;f__[Eubacterium]_coprostanoligenes_group;g__[Eubacterium]_coprostanoligenes_group;s__
4b200ba9863d63c392a65b6fb4df3975,d__Bacteria;p__Firmicutes;c__Clostridia;o__Lachnospirales;f__Lachnospiraceae
09cfc62386133bd66f8b63b80b69c9ab,d__Bacteria;p__Firmicutes;c__Clostridia;o__Lachnospirales;f__Lachnospiraceae
9a6881c31a95b322cc831df1fb875ac0,d__Bacteria;p__Bacteroidota;c__Bacteroidia;o__Bacteroidales;f__Paludibacteraceae;g__F0058;s__
2f6fe1a24c39c8d74b027a7392889449,d__Bacteria;p__Firmicutes;c__Clostridia;o__Lachnospirales;f__Lachnospiraceae
5f60234a68d83e1e2487c34528b5cc24,d__Bacteria;p__Proteobacteria;c__Gammaproteobacteria;o__Burkholderiales
1dc111785678c78ed71d4100f6ae128b,d__Bacteria;p__Firmicutes;c__Clostridia;o__Oscillospirales;f__Oscillospiraceae
a2d44d3219080a4bbc05d9567f9cdc54,d__Bacteria;p__Bacteroidota;c__Bacteroidia;o__Bacteroidales;f__Muribaculaceae;g__Muribaculaceae;s__
026a31766f54d3532c935222c3ae32be,d__Bacteria;p__Firmicutes;c__Clostridia;o__Oscillospirales;f__Butyricicoccaceae;g__uncultured;s__
92916ff72be527a58fc208e4ebfb475f,d__Bacteria;p__Firmicutes;c__Clostridia;o__Lachnospirales;f__Lachnospiraceae;g__Tyzzerella;s__
c87080a234c41d3e19adda71a60de39c,d__Bacteria;p__Firmicutes;c__Clostridia;o__Lachnospirales;f__Lachnospiraceae;g__Tyzzerella;s__
36351dc54069caca50a6ccc7cb0f39d2,d__Bacteria;p__Bacteroidota;c__Bacteroidia;o__Bacteroidales;f__Muribaculaceae;g__Muribaculaceae;s__
e220ba8f43022559dd6b0e247744ee8d,d__Bacteria;p__Firmicutes;c__Clostridia;o__Lachnospirales;f__Lachnospiraceae
84ee14ee63553599442f247228b4fc6e,d__Bacteria;p__Firmicutes;c__Clostridia;o__Lachnospirales;f__Lachnospiraceae
fd105e54b3ad0f4113643587c2d1b8a6,d__Bacteria;p__Firmicutes;c__Clostridia;o__Lachnospirales;f__Lachnospiraceae
94fe6abc1cced0969cfd24e96a3343e6,d__Bacteria;p__Bacteroidota;c__Bacteroidia;o__Bacteroidales;f__Muribaculaceae;g__Muribaculaceae;s__
f4885fdb00c0bdb865e26b195c30c007,d__Bacteria;p__Bacteroidota;c__Bacteroidia;o__Bacteroidales
e5c7b218b013057b15ccb603812e6319,d__Bacteria;p__Bacteroidota;c__Bacteroidia;o__Bacteroidales;f__Tannerellaceae;g__Parabacteroides;s__
708d13b4e56aa85df8e8e73e36239ea9,d__Bacteria;p__Firmicutes;c__Clostridia;o__Lachnospirales;f__Lachnospiraceae
75615d80709b71e05e3b8f599faf0119,d__Bacteria;p__Firmicutes;c__Clostridia;o__Oscillospirales;f__Oscillospiraceae;g__Colidextribacter;s__
ea4da92b1bc1f9dc6fa4eef5d7d9d8d6,d__Bacteria;p__Rs-K70_termite_group;c__Rs-K70_termite_group;o__Rs-K70_termite_group;f__Rs-K70_termite_group;g__Rs-K70_termite_group;s__
953edca70df14fa8776f74d6f3eefa1f,d__Bacteria;p__Proteobacteria;c__Gammaproteobacteria;o__Enterobacterales;f__Pasteurellaceae;g__Lonepinella;s__
234366cd3e29ce22aa3b5b47503fd100,d__Bacteria;p__Rs-K70_termite_group;c__Rs-K70_termite_group;o__Rs-K70_termite_group;f__Rs-K70_termite_group;g__Rs-K70_termite_group;s__
c6583d1f4a852df0bffd93df014bad48,d__Bacteria;p__Firmicutes;c__Clostridia;o__Oscillospirales;f__Ruminococcaceae;g__Candidatus_Soleaferrea;s__
09137ab6ba3c6e55911cf1b1468b6837,d__Bacteria;p__Firmicutes;c__Clostridia;o__Lachnospirales;f__Lachnospiraceae
7b2254f36307bf97f4724055df8a9244,d__Bacteria;p__Synergistota;c__Synergistia;o__Synergistales;f__Synergistaceae;g__Cloacibacillus;s__
b4c3917008ee5e599679b31d5c36a785,d__Bacteria;p__Firmicutes;c__Clostridia;o__Lachnospirales;f__Lachnospiraceae
687d664cd71676626ba50ef362288c13,d__Bacteria;p__Synergistota;c__Synergistia;o__Synergistales;f__Synergistaceae;g__Cloacibacillus;s__
33d91e6bbfcbbb8d36a603c0c253c193,d__Bacteria;p__Firmicutes;c__Clostridia;o__Lachnospirales;f__Lachnospiraceae
f40abc3a66ecb5502090518ac5fd4b65,d__Bacteria;p__Synergistota;c__Synergistia;o__Synergistales;f__Synergistaceae;g__Cloacibacillus;s__
e564c7a96758109d450cdcc3919ab243,d__Bacteria;p__Firmicutes;c__Clostridia;o__Lachnospirales;f__Lachnospiraceae;g__Tyzzerella;s__
1001fd76d114e589f67e97016af4fa99,d__Bacteria;p__Firmicutes;c__Clostridia;o__Lachnospirales;f__Lachnospiraceae;g__Tyzzerella;s__
fee9efa9e1373f68058631e854f1bdda,d__Bacteria;p__Proteobacteria;c__Gammaproteobacteria;o__Burkholderiales;f__Burkholderiaceae;g__Burkholderia-Caballeronia-Paraburkholderia;s__
a14794b0df8af1bd01f8ee5e22b5df9c,d__Bacteria;p__Proteobacteria;c__Gammaproteobacteria;o__Burkholderiales;f__Burkholderiaceae;g__Burkholderia-Caballeronia-Paraburkholderia;s__
319608fb77ea83b6a1355afe5a023f81,d__Bacteria;p__Proteobacteria;c__Gammaproteobacteria;o__Burkholderiales;f__Burkholderiaceae;g__Burkholderia-Caballeronia-Paraburkholderia;s__
f3f8fc41604bfaebdf52e83e1cf2ebac,d__Bacteria;p__Proteobacteria;c__Gammaproteobacteria;o__Pseudomonadales;f__Pseudomonadaceae;g__Pseudomonas;s__
44a284a02d02864a167d1c9b7883c758,d__Bacteria;p__Proteobacteria;c__Gammaproteobacteria;o__Burkholderiales;f__Burkholderiaceae
57b138f4578a6c2159f526734c04fb6d,d__Bacteria;p__Actinobacteriota;c__Actinobacteria;o__Frankiales;f__Acidothermaceae;g__Acidothermus;s__
a28a20b7495d22410ea97c4635662205,d__Bacteria;p__Synergistota;c__Synergistia;o__Synergistales;f__Synergistaceae;g__Cloacibacillus;s__
4777d459ada57cc7d28052d16277ecd9,d__Bacteria;p__Bacteroidota;c__Bacteroidia;o__Bacteroidales;f__Muribaculaceae;g__Muribaculaceae;s__
bba9804f4a68acc0267a7f0915432c1b,d__Bacteria;p__Firmicutes;c__Clostridia;o__Oscillospirales;f__Oscillospiraceae
329786e53fcd0a718e12f1094344588d,d__Bacteria;p__Bacteroidota;c__Bacteroidia;o__Bacteroidales;f__Bacteroidaceae;g__Bacteroides;s__
b04e34e229cdde74d9dc92f173c6443d,d__Bacteria;p__Bacteroidota;c__Bacteroidia;o__Bacteroidales;f__Muribaculaceae;g__Muribaculaceae;s__
5cd691f927d1e74128949d7dd3ab3960,d__Bacteria;p__Synergistota;c__Synergistia;o__Synergistales;f__Synergistaceae;g__Cloacibacillus;s__
22697f5bf965b4b67a1d2cb25af62685,d__Bacteria;p__Firmicutes;c__Bacilli;o__Erysipelotrichales;f__Erysipelatoclostridiaceae
f8ab3bcc0e639573904f6a47ba7329fd,d__Bacteria;p__Firmicutes;c__Clostridia;o__Lachnospirales;f__Lachnospiraceae
87c75580b9304e7d133f900222b7b295,d__Bacteria;p__Firmicutes;c__Clostridia;o__Lachnospirales;f__Lachnospiraceae
19b4a8331b2de54f45ade068de3abf23,d__Bacteria;p__Firmicutes;c__Clostridia;o__Lachnospirales;f__Lachnospiraceae
0bd5703be61f8d99c4a53d16d40da18c,d__Bacteria;p__Firmicutes;c__Clostridia;o__Lachnospirales;f__Lachnospiraceae
9519cb53a13f83f6a56666c1f91511cc,d__Bacteria;p__Firmicutes;c__Clostridia;o__Lachnospirales;f__Lachnospiraceae
bdfb4e014bc103a99d25d41b84c8e3b9,d__Bacteria;p__Desulfobacterota;c__Desulfovibrionia;o__Desulfovibrionales;f__Desulfovibrionaceae;g__uncultured;s__
09fd819b83dbb47490cdd352e19a2eba,d__Bacteria;p__Firmicutes;c__Clostridia;o__Lachnospirales;f__Lachnospiraceae
e22be46a8aa9226e1e1050d0679b39d4,d__Bacteria;p__Firmicutes;c__Clostridia;o__Lachnospirales;f__Lachnospiraceae;g__Eisenbergiella;s__
d6b3f4b5398c30ffe960297684ff28dc,d__Bacteria;p__Firmicutes;c__Bacilli;o__Lactobacillales;f__Streptococcaceae;g__Streptococcus;s__
3a3f048e9342e94f98e2d591756f283b,d__Bacteria;p__Firmicutes;c__Clostridia;o__Oscillospirales;f__[Clostridium]_methylpentosum_group;g__[Clostridium]_methylpentosum_group;s__
c218888a2cec93438b73a445779008e0,d__Bacteria;p__Firmicutes;c__Clostridia;o__Oscillospirales;f__UCG-010;g__UCG-010;s__
458dfe27cb3358bd660e8595104f609b,d__Bacteria;p__Planctomycetota;c__vadinHA49;o__vadinHA49;f__vadinHA49;g__vadinHA49;s__
4f4e77245234e3cff3c240d976278c5c,d__Bacteria;p__Planctomycetota;c__vadinHA49;o__vadinHA49;f__vadinHA49;g__vadinHA49;s__
8d3df254ae908fb78de416a9aad1e037,d__Bacteria;p__Firmicutes;c__Clostridia;o__Lachnospirales;f__Lachnospiraceae
ecf283c5c49073fc42d62a61a940c6c4,d__Bacteria;p__Proteobacteria;c__Gammaproteobacteria;o__Pseudomonadales;f__Pseudomonadaceae;g__Pseudomonas;s__
4822b4221f6f794aa29706e0930690b2,d__Bacteria;p__Cyanobacteria;c__Cyanobacteriia;o__Chloroplast;f__Chloroplast;g__Chloroplast;s__
169da620af5b58805d74387fc61fefc4,d__Bacteria;p__Proteobacteria;c__Alphaproteobacteria;o__Rhizobiales;f__Beijerinckiaceae;g__Methylobacterium-Methylorubrum;s__
9f69ad815a60dc9dacc0379aa0b39460,d__Bacteria;p__Proteobacteria;c__Gammaproteobacteria;o__Burkholderiales;f__Burkholderiaceae;g__Burkholderia-Caballeronia-Paraburkholderia;s__
4b972423c08a40f3d02a01770190700f,d__Bacteria;p__Proteobacteria;c__Alphaproteobacteria;o__Acetobacterales;f__Acetobacteraceae
cb53cbb063e4dcf748be840a7cf328e3,d__Bacteria;p__Actinobacteriota;c__Coriobacteriia;o__Coriobacteriales;f__Coriobacteriales_Incertae_Sedis;g__uncultured;s__
c6e43926609b2a9ca9c7f9fa98a75aef,d__Bacteria;p__Actinobacteriota;c__Coriobacteriia;o__Coriobacteriales;f__Coriobacteriales_Incertae_Sedis;g__uncultured;s__
dd1d990770a80b712614e914e43cfee6,d__Bacteria;p__Firmicutes;c__Clostridia;o__Lachnospirales;f__Lachnospiraceae
bbf1696bed62c3aeb8131e69c30d245c,d__Bacteria;p__Firmicutes;c__Clostridia;o__Oscillospirales;f__Ruminococcaceae;g__Ruminococcus;s__
a62288b6c3fb3cfa03e54b17b8b2d6ee,d__Bacteria;p__Proteobacteria;c__Gammaproteobacteria;o__Pseudomonadales;f__Pseudomonadaceae;g__Pseudomonas;s__
767c56dcd2efea868f9bb70b1835389d,d__Bacteria;p__Firmicutes;c__Clostridia;o__Oscillospirales;f__UCG-010;g__UCG-010;s__
114460f579c25f2af3c9c727e078f8b3,d__Bacteria;p__Actinobacteriota;c__Coriobacteriia;o__Coriobacteriales;f__Coriobacteriales_Incertae_Sedis;g__uncultured;s__
f036d93ce356b9c2be39b1c548354ada,d__Bacteria;p__Firmicutes;c__Clostridia;o__Lachnospirales;f__Lachnospiraceae;g__Blautia;s__
aae4de9f52bc1e9332612cd2ad53ef7c,d__Bacteria;p__Bacteroidota;c__Bacteroidia;o__Bacteroidales;f__Muribaculaceae;g__Muribaculaceae;s__
2202ea49ac7cdfba21f035fed1c7030e,d__Bacteria;p__Firmicutes;c__Bacilli;o__Lactobacillales;f__Streptococcaceae;g__Streptococcus;s__
28dcfdabaf19d3519f2274a4fbee9d2d,d__Bacteria;p__Actinobacteriota;c__Coriobacteriia;o__Coriobacteriales
a4cf1ca8a86b776c39e1f238d8fbdb29,d__Bacteria;p__Actinobacteriota;c__Coriobacteriia;o__Coriobacteriales;f__Coriobacteriales_Incertae_Sedis;g__uncultured;s__
b94a34605d067bdaadba999aff9142c6,d__Bacteria;p__Firmicutes;c__Bacilli;o__Lactobacillales;f__Streptococcaceae;g__Streptococcus;s__
3b292176b414b0618f60f49df1fd4504,d__Bacteria;p__Actinobacteriota;c__Coriobacteriia;o__Coriobacteriales
2cb626cf04f7036ca500955ced378c76,d__Bacteria;p__Actinobacteriota;c__Coriobacteriia;o__Coriobacteriales;f__Eggerthellaceae;g__Eggerthella;s__
af296ca125045f575d3ce34af899b7af,d__Bacteria;p__Actinobacteriota;c__Coriobacteriia;o__Coriobacteriales
79e757819e34b18081878bcc46d23286,d__Bacteria;p__Bacteroidota;c__Bacteroidia;o__Bacteroidales;f__Tannerellaceae;g__Parabacteroides;s__
eaff388d8c6c140bdb69510598d4d877,d__Bacteria;p__Firmicutes;c__Clostridia;o__Oscillospirales;f__Oscillospiraceae;g__NK4A214_group;s__
d77f39de731f26b5f065c0d9e5a223dc,d__Bacteria;p__Actinobacteriota;c__Coriobacteriia;o__Coriobacteriales;f__Eggerthellaceae;g__Eggerthella;s__
2ecd9c67649404f9aa18170b5da96eee,d__Bacteria;p__Firmicutes;c__Bacilli;o__Lactobacillales;f__Streptococcaceae;g__Streptococcus;s__
a87061e4bf2545c3b2c0c98a12af8faf,d__Bacteria;p__Firmicutes;c__Clostridia;o__Lachnospirales;f__Lachnospiraceae;g__Lactonifactor;s__
7bae5a6b347a6d6692cd70c59a10dd49,d__Bacteria;p__Firmicutes;c__Clostridia;o__Lachnospirales;f__Lachnospiraceae
dd974c9509447b4646fbd1f0aae6345e,d__Bacteria;p__Firmicutes;c__Clostridia;o__Peptostreptococcales-Tissierellales;f__Anaerovoracaceae;g__Family_XIII_AD3011_group;s__
064fecc8b258cca849b13f6e92d559b9,d__Bacteria;p__Actinobacteriota;c__Coriobacteriia;o__Coriobacteriales;f__Eggerthellaceae;g__Eggerthella;s__
43f02e0b9cb4d6942ad2f20f665df387,d__Bacteria;p__Firmicutes;c__Clostridia;o__Oscillospirales;f__Oscillospiraceae;g__NK4A214_group;s__
77771f5f9a8247b67bf2a861d29c5261,d__Bacteria;p__Bacteroidota;c__Bacteroidia;o__Bacteroidales
7d71e3b37e48b64bc0e35bffcb4a0277,d__Bacteria;p__Firmicutes;c__Bacilli;o__Lactobacillales;f__Streptococcaceae;g__Streptococcus;s__
b1f03052a89a468e49e67e09dafb0d14,d__Bacteria;p__Proteobacteria;c__Gammaproteobacteria;o__Burkholderiales;f__Oxalobacteraceae;g__Oxalobacter;s__
50966cf0949c59e8566fbb9d5c2fc09c,d__Bacteria;p__Firmicutes;c__Clostridia;o__Oscillospirales;f__Oscillospiraceae;g__Papillibacter;s__
0e67bb67c5de6cbc57f14584604f77ce,d__Bacteria;p__Actinobacteriota;c__Coriobacteriia;o__Coriobacteriales
387784c5f67fe6b3175fcf9f2ca39390,d__Bacteria;p__Firmicutes;c__Clostridia;o__Oscillospirales;f__Butyricicoccaceae;g__Butyricicoccus;s__
0c26a6d0587f9d572a7ed3df1f6a3af9,d__Bacteria;p__Bacteroidota;c__Bacteroidia;o__Bacteroidales;f__Tannerellaceae;g__Parabacteroides;s__
06634a71d1287ce3f66605989b9b6b15,d__Bacteria;p__Proteobacteria;c__Gammaproteobacteria;o__Burkholderiales;f__Oxalobacteraceae
9c37c0589dc8215e58b2498c77a33855,d__Bacteria;p__Firmicutes;c__Clostridia;o__Oscillospirales;f__Ruminococcaceae
dc195a00a769a18432ab67daff6dd698,d__Bacteria;p__Firmicutes;c__Clostridia;o__Lachnospirales;f__Lachnospiraceae
a1d2d9d619ce9e6396330d02c2df27ab,d__Bacteria;p__Firmicutes;c__Clostridia;o__Oscillospirales;f__Oscillospiraceae
2b25031db5c6f71e9e88edd681137988,d__Bacteria;p__Firmicutes;c__Clostridia;o__Lachnospirales;f__Lachnospiraceae;g__[Eubacterium]_hallii_group;s__
4870b8555a001d1d9c368e0338794e03,d__Bacteria;p__Firmicutes;c__Clostridia;o__Oscillospirales;f__Ruminococcaceae
f798e973ba53c81ca1eeac30e90736ef,d__Bacteria;p__Firmicutes;c__Clostridia;o__Lachnospirales;f__Lachnospiraceae
2f1af4b33468d16264f0602977b51c7f,d__Bacteria;p__Firmicutes;c__Clostridia;o__Oscillospirales;f__Oscillospiraceae
d30879a013820281029cddbb12d60ef0,d__Bacteria;p__Firmicutes;c__Clostridia;o__Lachnospirales;f__Lachnospiraceae
626abe0ac5d17d0bf63b47336fb623d9,d__Bacteria;p__Firmicutes;c__Clostridia;o__Lachnospirales;f__Lachnospiraceae
e62e7520f650e80aafa96195c3f46e02,d__Bacteria;p__Firmicutes;c__Bacilli;o__Lactobacillales;f__Streptococcaceae;g__Streptococcus;s__
07258a76cfac8f5c08849a09adb159a6,d__Bacteria;p__Firmicutes;c__Clostridia;o__Lachnospirales;f__Lachnospiraceae
f6cd3bb84d89949afeab9b50ba31b719,d__Bacteria;p__Firmicutes;c__Clostridia;o__Lachnospirales;f__Lachnospiraceae
249db09d39f2b95b0eca4ed3e46502bf,d__Bacteria;p__Firmicutes;c__Clostridia;o__Oscillospirales;f__Oscillospiraceae;g__NK4A214_group;s__
492c4deaa522298207b4862b7ae1a640,d__Bacteria;p__Actinobacteriota;c__Coriobacteriia;o__Coriobacteriales
40691ab75178d7c7feb5dea6af4f142d,d__Bacteria;p__Firmicutes;c__Clostridia;o__Eubacteriales;f__Anaerofustaceae;g__Anaerofustis;s__
6e4ca6b24511551e9fd816793da2074a,d__Bacteria;p__Planctomycetota;c__vadinHA49;o__vadinHA49;f__vadinHA49;g__vadinHA49;s__
b5e27bf109d5d4d75923876c8958725d,d__Bacteria;p__Firmicutes;c__Clostridia;o__Lachnospirales;f__Lachnospiraceae
180b94b826ec2b23f0b91afd47e04043,d__Bacteria;p__Planctomycetota;c__vadinHA49;o__vadinHA49;f__vadinHA49;g__vadinHA49;s__
8ea03f77236532a011c34244ccdc0c30,d__Bacteria;p__Firmicutes;c__Clostridia;o__Peptostreptococcales-Tissierellales;f__Anaerovoracaceae;g__Family_XIII_UCG-001;s__
fbb296348638d10a852b9f022d9a3f85,d__Bacteria;p__Firmicutes;c__Clostridia;o__Peptostreptococcales-Tissierellales;f__Anaerovoracaceae;g__Family_XIII_UCG-001;s__
6ba1772424cd6202f524d65be400ae71,d__Bacteria;p__Bacteroidota;c__Bacteroidia;o__Bacteroidales;f__Rikenellaceae;g__Alistipes;s__
28fa7443e30bf0857539cd89b3a10002,d__Bacteria;p__Firmicutes;c__Clostridia;o__Lachnospirales;f__Lachnospiraceae;g__Tyzzerella;s__
11dda97dacbdd5269a019a63742ae6cc,d__Bacteria;p__Firmicutes;c__Clostridia;o__Oscillospirales;f__Ruminococcaceae;g__Ruminococcus;s__
6e6fc62e88196c20d7700ce0bdb8f90c,d__Bacteria;p__Firmicutes;c__Clostridia;o__Lachnospirales;f__Lachnospiraceae;g__Tyzzerella;s__
e29fc4ff9c8d69f0ae4faf771b3a5bf3,d__Bacteria;p__Firmicutes;c__Clostridia;o__Oscillospirales;f__Ruminococcaceae;g__Ruminococcus;s__
12a0f7bbca730ec01aa8d028adbeae81,d__Bacteria;p__Firmicutes;c__Bacilli;o__Staphylococcales;f__Staphylococcaceae;g__Staphylococcus;s__
6368469869469f36d4fde07d41f1670c,d__Bacteria;p__Firmicutes;c__Clostridia;o__Oscillospirales;f__UCG-010;g__UCG-010;s__
5d5a3415dc0907107f9b0395cd955e41,d__Bacteria;p__Firmicutes;c__Clostridia;o__Oscillospirales;f__UCG-010;g__UCG-010;s__
7afa774891afd22c7ad26ec0b186a69e,d__Bacteria;p__Firmicutes;c__Bacilli;o__Staphylococcales;f__Staphylococcaceae;g__Staphylococcus;s__
aaf32ac46902bcd84411fb50211fd145,d__Bacteria;p__Firmicutes;c__Bacilli;o__Staphylococcales;f__Staphylococcaceae;g__Staphylococcus;s__
868c75c1b7bfbeafdbaa16c02ead0453,d__Bacteria;p__Proteobacteria;c__Gammaproteobacteria;o__Burkholderiales
a2cb9f6f6ba181cc545a8d79609086c2,d__Bacteria;p__Firmicutes;c__Bacilli;o__Lactobacillales;f__Streptococcaceae;g__Streptococcus;s__
c96b35ac361910f406cad494ea9e0cee,d__Bacteria;p__Firmicutes;c__Clostridia;o__Lachnospirales;f__Lachnospiraceae
36d2b8c1266df6454b8313ba23c7af2a,d__Bacteria;p__Firmicutes;c__Clostridia
334ad257ebff6c25ff96bfc408681337,d__Bacteria;p__Firmicutes;c__Clostridia;o__Oscillospirales;f__Oscillospiraceae;g__NK4A214_group;s__
8f6495ec0882932995b604571478d1fe,d__Bacteria;p__Firmicutes;c__Clostridia;o__Lachnospirales;f__Lachnospiraceae
1eb089a5ee34a04a45c19546ec6f6706,d__Bacteria;p__Firmicutes;c__Clostridia;o__Oscillospirales;f__Oscillospiraceae
0035c34003c8b800ad66e9b95c8c4a0f,d__Bacteria;p__Firmicutes;c__Clostridia;o__Lachnospirales;f__Lachnospiraceae
77ee56ffbe11638cc551101504206bab,d__Bacteria;p__Firmicutes;c__Clostridia;o__Lachnospirales;f__Lachnospiraceae
8d8b64fd7c7ba772cea3fd0902a132b5,d__Bacteria;p__Firmicutes;c__Clostridia;o__Lachnospirales;f__Lachnospiraceae
082e82930f5ba69ba9924eb34d7a8ff8,d__Bacteria;p__Firmicutes;c__Clostridia;o__Lachnospirales;f__Lachnospiraceae
ec4c5a55c10ed557d1ab525d8ff059b3,d__Bacteria;p__Bacteroidota;c__Bacteroidia;o__Bacteroidales;f__Tannerellaceae;g__Tannerella;s__
71150f01ce72ef1778a23a9e76013226,d__Bacteria;p__Firmicutes;c__Clostridia;o__Oscillospirales;f__Oscillospiraceae
919dcc150b246dfd597f07a52c4d96fa,d__Bacteria;p__Firmicutes;c__Clostridia;o__Oscillospirales;f__Oscillospiraceae;g__Colidextribacter;s__
6751e08ea231ed319533aed0d767c889,d__Bacteria;p__Bacteroidota;c__Bacteroidia;o__Bacteroidales;f__Tannerellaceae;g__Tannerella;s__
4d7887354db76d6324995dd0ba938273,d__Bacteria;p__Firmicutes;c__Clostridia;o__Oscillospirales;f__Oscillospiraceae;g__NK4A214_group;s__
faefa1742c54a9a68d87270fd2445f39,d__Bacteria;p__Proteobacteria;c__Gammaproteobacteria;o__Pseudomonadales;f__Pseudomonadaceae;g__Pseudomonas;s__
d5a6513b78aa6f626af8d6d90f31006b,d__Bacteria;p__Cyanobacteria;c__Vampirivibrionia;o__Gastranaerophilales;f__Gastranaerophilales;g__Gastranaerophilales;s__
61fb61734ac26b9ed04b5e793415d72c,d__Bacteria;p__Cyanobacteria;c__Vampirivibrionia;o__Gastranaerophilales;f__Gastranaerophilales;g__Gastranaerophilales;s__
0c4fe0ba548cfe42bf4432c37d3605f5,d__Bacteria;p__Firmicutes;c__Clostridia;o__Lachnospirales;f__Lachnospiraceae
cbd4b2ae2e38b406155709bb1af8da8e,d__Bacteria;p__Proteobacteria;c__Gammaproteobacteria;o__Pseudomonadales;f__Pseudomonadaceae;g__Pseudomonas;s__
d79ba686ede300a8a3277c0e3affab56,d__Bacteria;p__Proteobacteria;c__Gammaproteobacteria;o__Burkholderiales
1f4b5142299f80a755d5db8ac013fbac,d__Bacteria;p__Cyanobacteria;c__Vampirivibrionia;o__Gastranaerophilales;f__Gastranaerophilales;g__Gastranaerophilales;s__
ed8a88e5367581b78eeb1192106c30a7,d__Bacteria;p__Cyanobacteria;c__Vampirivibrionia;o__Gastranaerophilales;f__Gastranaerophilales;g__Gastranaerophilales;s__
21670da95ed9fd1ea226c603d14e9327,d__Bacteria;p__Firmicutes;c__Clostridia;o__Lachnospirales;f__Lachnospiraceae
30a888612a76f5266e240dcae7256570,d__Bacteria;p__Firmicutes;c__Clostridia;o__Lachnospirales;f__Lachnospiraceae
a78f52fcc2cdc8527cf259e01b11eed5,d__Bacteria;p__Firmicutes;c__Clostridia;o__Lachnospirales;f__Lachnospiraceae
ef6fc08cf1486f261a41c2c03af339bc,d__Bacteria;p__Firmicutes;c__Clostridia;o__Clostridia_vadinBB60_group;f__Clostridia_vadinBB60_group;g__Clostridia_vadinBB60_group;s__
346c204d4125664ff02729224c1f1698,d__Bacteria;p__Proteobacteria;c__Gammaproteobacteria;o__Burkholderiales
b8580ca9f0de8163ac140edccfcd2b25,d__Bacteria;p__Proteobacteria;c__Gammaproteobacteria;o__Burkholderiales;f__Oxalobacteraceae;g__Oxalobacter;s__
cc80791dcb2b79d3ae30ff2b5f9bbc02,d__Bacteria;p__Firmicutes;c__Clostridia;o__Clostridia_vadinBB60_group;f__Clostridia_vadinBB60_group;g__Clostridia_vadinBB60_group;s__
19568cfa2b50081eb60b155c28dc2b82,d__Bacteria;p__Proteobacteria;c__Gammaproteobacteria;o__Burkholderiales
0cd71e5cc76a77448d7dd2c198487549,d__Bacteria;p__Proteobacteria;c__Gammaproteobacteria;o__Enterobacterales
5156710cf840d779b61e92c8176c39d1,d__Bacteria;p__Firmicutes;c__Clostridia;o__Lachnospirales;f__Lachnospiraceae
b792e644fe2729923bf2c8058a249ef3,d__Bacteria;p__Proteobacteria;c__Gammaproteobacteria;o__Enterobacterales;f__Yersiniaceae
bb7acf8d96cc48236ca81d9276ebf812,d__Bacteria;p__Firmicutes;c__Clostridia;o__Lachnospirales;f__Lachnospiraceae
c4a9c24041818550a8a9cc8050cfb20e,d__Bacteria;p__Firmicutes;c__Clostridia;o__Oscillospirales;f__[Eubacterium]_coprostanoligenes_group;g__[Eubacterium]_coprostanoligenes_group;s__
ada5c179ab9df7f2de4c7c54a0ce5d66,d__Bacteria;p__Proteobacteria;c__Alphaproteobacteria;o__Sphingomonadales;f__Sphingomonadaceae
71fc7dff0af9b97d3e630b3f5e9b7c73,d__Bacteria;p__Firmicutes;c__Clostridia;o__Lachnospirales;f__Lachnospiraceae
422f16dc50c8267dc257c3d199a32243,d__Bacteria;p__Cyanobacteria;c__Cyanobacteriia;o__Cyanobacteriales;f__Chroococcidiopsaceae;g__uncultured;s__
8e5b93204566381c77f690a606ffcb69,d__Bacteria;p__Proteobacteria;c__Gammaproteobacteria;o__Enterobacterales
144b9ad624972163d5fb4fb8f7e4a000,d__Bacteria;p__Firmicutes;c__Clostridia;o__Lachnospirales;f__Lachnospiraceae
744608e16759d4827b02b0dac9df9b45,d__Bacteria;p__Firmicutes;c__Clostridia;o__Peptostreptococcales-Tissierellales;f__Anaerovoracaceae;g__[Eubacterium]_brachy_group;s__
b960357899fc197c957ec3b3c8aa5eee,d__Bacteria;p__Proteobacteria;c__Gammaproteobacteria;o__Burkholderiales
62ca4263943d1dcafa8e1a5cb13adae2,d__Bacteria;p__Proteobacteria;c__Alphaproteobacteria;o__Rhizobiales;f__Beijerinckiaceae;g__1174-901-12;s__
56ad57d0a8b012fdd8988581ca89306d,d__Bacteria;p__Proteobacteria;c__Gammaproteobacteria;o__Pseudomonadales;f__Pseudomonadaceae;g__Pseudomonas;s__
a177d567c5400431f0c6712ca4834e52,d__Bacteria;p__Proteobacteria;c__Alphaproteobacteria;o__Sphingomonadales;f__Sphingomonadaceae
0be8ea9d1efafcd7d6baea54a244349c,d__Bacteria;p__Firmicutes;c__Clostridia;o__Lachnospirales;f__Lachnospiraceae;g__Blautia;s__
277ba824a979b82f0373aad451db3427,Unassigned
0d915a2da01904ed2e0c39b292fd8f56,d__Bacteria;p__Firmicutes;c__Bacilli;o__Lactobacillales;f__Streptococcaceae;g__Streptococcus;s__
0cc2c896da3d51f62c813d6d5ad8b3c7,d__Bacteria;p__Actinobacteriota;c__Actinobacteria;o__Micrococcales;f__Micrococcaceae;g__Kocuria;s__
a1077422275673032266687f9f4c5d48,d__Bacteria;p__Proteobacteria;c__Gammaproteobacteria;o__Pseudomonadales;f__Pseudomonadaceae;g__Pseudomonas;s__
af882a0305d1fb1380f6284cb43236c3,d__Bacteria;p__Actinobacteriota;c__Coriobacteriia;o__Coriobacteriales
92fa831ef18d3b2c84b0932b2c2efa69,d__Bacteria;p__Actinobacteriota;c__Coriobacteriia;o__Coriobacteriales
689e5965f59e7cd3addcedfcadd81cad,d__Bacteria;p__Firmicutes;c__Clostridia;o__Lachnospirales;f__Lachnospiraceae
5b957dc5e7a68529cc60ca06f426a008,d__Bacteria;p__Firmicutes;c__Clostridia;o__Oscillospirales;f__Oscillospiraceae
5a735703685fef85d5a3268c47d6f556,d__Bacteria;p__Firmicutes;c__Clostridia;o__Oscillospirales;f__Oscillospiraceae
fa82cd44e51eb614897c53d34bde2a1c,d__Bacteria;p__Firmicutes;c__Clostridia;o__Oscillospirales;f__Oscillospiraceae
f497d5b61cf73b0a9fae5a71dc27c376,d__Bacteria;p__Proteobacteria;c__Gammaproteobacteria;o__Enterobacterales;f__Pasteurellaceae;g__Lonepinella;s__
9ecf451bebb5e06f632ec2cbb00bf925,d__Bacteria;p__Actinobacteriota;c__Coriobacteriia;o__Coriobacteriales
da0c263717da01666eebebd938260ce3,d__Bacteria;p__Actinobacteriota;c__Coriobacteriia;o__Coriobacteriales
ac5e96b10a2eac0707717d4cdfa1e818,d__Bacteria;p__Actinobacteriota;c__Coriobacteriia;o__Coriobacteriales
a2c3deae748e4d4f26b0f43624daab26,d__Bacteria;p__Actinobacteriota;c__Coriobacteriia;o__Coriobacteriales
b42f436abc804d361ed3744f63178dee,d__Bacteria;p__Firmicutes;c__Clostridia;o__Oscillospirales;f__[Eubacterium]_coprostanoligenes_group;g__[Eubacterium]_coprostanoligenes_group;s__
25bafa1025d18ca9ae96235f3ca4e239,d__Bacteria;p__Firmicutes;c__Clostridia;o__Oscillospirales;f__Oscillospiraceae;g__NK4A214_group;s__
357bd004c5b6a5ddb51dcff943d7783d,d__Bacteria;p__Bacteroidota;c__Bacteroidia;o__Bacteroidales;f__Bacteroidaceae;g__Bacteroides;s__
e0be02c6690250f817b3bcbf0f2cf004,d__Bacteria;p__Firmicutes;c__Clostridia;o__Oscillospirales;f__Oscillospiraceae;g__NK4A214_group;s__
ad7cca6f2f1981580c5b777121b9a7c9,d__Bacteria;p__Proteobacteria;c__Gammaproteobacteria;o__Burkholderiales
f144647953356e20238f245bd7f169ad,d__Bacteria;p__Firmicutes;c__Clostridia;o__Lachnospirales;f__Lachnospiraceae
df242b7f9b6b9e7b30943db32db9eea4,d__Bacteria;p__Bacteroidota;c__Bacteroidia;o__Bacteroidales;f__Bacteroidaceae;g__Bacteroides;s__
cbf9b34530a67fd1c5ea9484b5fc6a08,d__Bacteria;p__Firmicutes;c__Clostridia;o__Lachnospirales;f__Lachnospiraceae
3283219b0b921e30de13c2b05ce5a967,d__Bacteria;p__Synergistota;c__Synergistia;o__Synergistales;f__Synergistaceae;g__Cloacibacillus;s__
dd29d00367c0e258ca5259d20d3cea47,d__Bacteria;p__Firmicutes;c__Clostridia;o__Oscillospirales;f__[Eubacterium]_coprostanoligenes_group;g__[Eubacterium]_coprostanoligenes_group;s__
793cc769a4a2eccec384e5fcbb1d3848,d__Bacteria;p__Firmicutes;c__Clostridia;o__Lachnospirales;f__Lachnospiraceae
3e3a0d98610766c9111c14afc6518e6f,d__Bacteria;p__Campylobacterota;c__Campylobacteria;o__Campylobacterales;f__Campylobacteraceae;g__Campylobacter;s__
9b27cfca6c1d7d6f6c0c07b3dcd2004d,d__Bacteria;p__Actinobacteriota;c__Coriobacteriia;o__Coriobacteriales;f__Coriobacteriales_Incertae_Sedis;g__uncultured;s__
674c968606d431a0ff0fe4caf6149522,d__Bacteria;p__Firmicutes;c__Clostridia
2dcfa59fb5c25e8b14db87a14238a2a3,d__Bacteria;p__Firmicutes;c__Clostridia
9f8db25991ac92bfb5784ea690bcc537,d__Bacteria;p__Actinobacteriota;c__Coriobacteriia;o__Coriobacteriales;f__Coriobacteriales_Incertae_Sedis;g__uncultured;s__
6a266c54b9ca3e951d4f79094cfe6b65,d__Bacteria;p__Firmicutes;c__Clostridia;o__Oscillospirales;f__Oscillospiraceae;g__NK4A214_group;s__
04c655f0d361420eb46d32dcae2f18ea,d__Bacteria;p__Firmicutes;c__Clostridia;o__Lachnospirales;f__Lachnospiraceae;g__[Eubacterium]_hallii_group;s__
c89c8f3c4594aeedf486795c06907734,d__Bacteria;p__Firmicutes;c__Clostridia;o__Lachnospirales;f__Lachnospiraceae;g__[Eubacterium]_hallii_group;s__
4a6dcb24c5c817e3e03eedb78104a26b,d__Bacteria;p__Proteobacteria;c__Gammaproteobacteria;o__Burkholderiales
4496eeb55d7b34688505a9ce4f827d30,d__Bacteria;p__Fusobacteriota;c__Fusobacteriia;o__Fusobacteriales;f__Fusobacteriaceae;g__Fusobacterium;s__
ae776325d002ef7863bd0fbe8f986f39,d__Bacteria;p__Firmicutes;c__Bacilli;o__Lactobacillales;f__Enterococcaceae;g__Enterococcus;s__
5f9f85d2e13355e55cc284d67ffa8ea1,d__Bacteria;p__Firmicutes;c__Bacilli;o__Lactobacillales;f__Enterococcaceae
09ab6573d51d8ae182a9e9683b9846f4,d__Bacteria;p__Firmicutes;c__Clostridia;o__Oscillospirales;f__Oscillospiraceae;g__Colidextribacter;s__
e254d9693ac8678810c3386b6146178b,d__Bacteria;p__Fusobacteriota;c__Fusobacteriia;o__Fusobacteriales;f__Fusobacteriaceae;g__Fusobacterium;s__
4727fd171f84ca6e9d21e32f37277723,d__Bacteria;p__Fusobacteriota;c__Fusobacteriia;o__Fusobacteriales;f__Fusobacteriaceae;g__Fusobacterium;s__
96298cbb0ce6b8933d28bdc0aa6364b0,d__Bacteria;p__Firmicutes;c__Bacilli;o__Lactobacillales;f__Lactobacillaceae;g__Weissella;s__
f712120c7d05c5a76fe69f0a0f39ff06,d__Bacteria;p__Firmicutes;c__Clostridia;o__Lachnospirales;f__Lachnospiraceae
53efc42439c814d9f561a47ba8bc9996,d__Bacteria;p__Actinobacteriota;c__Coriobacteriia;o__Coriobacteriales
024f1fdd5c5a8ffc737b90a0beb789c5,d__Bacteria;p__Bacteroidota;c__Bacteroidia;o__Bacteroidales;f__Bacteroidaceae;g__Bacteroides;s__
2bc7143ca7953eced2e43263cbda53b8,d__Bacteria;p__Firmicutes;c__Clostridia;o__Oscillospirales;f__UCG-010;g__UCG-010;s__
98ab866faf5997983ca6253ae51619ea,d__Bacteria;p__Firmicutes;c__Clostridia;o__Lachnospirales;f__Lachnospiraceae
75e61b1b32ffbcd823bcddb67c2269ca,d__Bacteria;p__Firmicutes;c__Bacilli;o__Lactobacillales;f__Lactobacillaceae;g__Weissella;s__
28ae7de1f3756e1a5346048091c81bf6,d__Bacteria;p__Actinobacteriota;c__Coriobacteriia;o__Coriobacteriales
64ddd4f054cbd97688c6df69dc1102a5,d__Bacteria;p__Firmicutes;c__Clostridia;o__Oscillospirales;f__UCG-010;g__UCG-010;s__
88a8469e842429f964017bbf550646f8,d__Bacteria;p__Firmicutes;c__Clostridia;o__Lachnospirales;f__Lachnospiraceae
50e53f1b0992d5392f83f4ebd81b5c92,d__Bacteria;p__Firmicutes;c__Clostridia;o__Monoglobales;f__Monoglobaceae;g__Monoglobus;s__
b9a20e05b7439f75ca79c2918021efe1,d__Bacteria;p__Firmicutes;c__Clostridia;o__Monoglobales;f__Monoglobaceae;g__Monoglobus;s__
66872c90329d042b77331b7c38dfd1e8,d__Bacteria;p__Firmicutes;c__Clostridia;o__Monoglobales;f__Monoglobaceae;g__Monoglobus;s__
46216226c0c8d0681edfb69ed91a75e1,d__Bacteria;p__Firmicutes;c__Clostridia;o__Monoglobales;f__Monoglobaceae;g__Monoglobus;s__
9d31f974ec12208cccc452a886db5ba9,d__Bacteria;p__Firmicutes;c__Clostridia;o__Monoglobales;f__Monoglobaceae;g__Monoglobus;s__
7d4ee22a3bf49f268a6d93ea79247bbd,d__Bacteria;p__Firmicutes;c__Clostridia;o__Monoglobales;f__Monoglobaceae;g__Monoglobus;s__
61ff727ec91ddeeab1de6dc0692f6b08,d__Bacteria;p__Proteobacteria;c__Gammaproteobacteria;o__Pseudomonadales;f__Pseudomonadaceae;g__Pseudomonas;s__
04c81d982e5b2810fd5e68bd1ef2dded,d__Bacteria;p__Proteobacteria;c__Gammaproteobacteria;o__Enterobacterales;f__Yersiniaceae
b710f047aa0e59ad84e7d904c9c670a5,d__Bacteria;p__Proteobacteria;c__Gammaproteobacteria;o__Enterobacterales;f__Yersiniaceae
888bea0ef94648daf3fe0cb9541e1ec0,d__Bacteria;p__Proteobacteria;c__Gammaproteobacteria;o__Burkholderiales
b0a0b96d1374f667529e6b277fb2b996,d__Bacteria;p__Proteobacteria;c__Alphaproteobacteria;o__Rhizobiales;f__Beijerinckiaceae
8775fdb03cf5090a7f083a77376a7890,d__Bacteria;p__Firmicutes;c__Clostridia;o__Lachnospirales;f__Lachnospiraceae;g__Tyzzerella;s__
475b7c569a307e16eef0c5bb5fd77170,d__Bacteria;p__Actinobacteriota;c__Coriobacteriia;o__Coriobacteriales
0b061ae577551cc733f054454083e799,d__Bacteria;p__Actinobacteriota;c__Coriobacteriia;o__Coriobacteriales